{
    "default_header": "header_142122",
    "multi_custom_fonts": {
        "0": {
            "font-name": "Jost",
            "font-weight": "400",
            "font-woff": {
                "url": "http:\/\/dummy.xtemos.com\/woodmart2\/wp-content\/uploads\/2021\/08\/Jost-Book.woff",
                "id": "4376"
            },
            "font-woff2": {
                "url": "http:\/\/dummy.xtemos.com\/woodmart2\/wp-content\/uploads\/2021\/08\/Jost-400-Book.woff2",
                "id": "4375"
            }
        },
        "1": {
            "font-name": "Jost",
            "font-weight": "600",
            "font-woff": {
                "url": "http:\/\/dummy.xtemos.com\/woodmart2\/wp-content\/uploads\/2021\/08\/jost-600-semi.woff",
                "id": "4374"
            },
            "font-woff2": {
                "url": "http:\/\/dummy.xtemos.com\/woodmart2\/wp-content\/uploads\/2021\/08\/jost-600-semi.woff2",
                "id": "4377"
            }
        },
        "2": {
            "font-name": "hkgroteskpro",
            "font-weight": "600",
            "font-woff": {
                "url": "http:\/\/dummy.xtemos.com\/woodmart2\/wp-content\/uploads\/2021\/08\/hkgroteskpro-semibold.woff",
                "id": "3418"
            },
            "font-woff2": {
                "url": "http:\/\/dummy.xtemos.com\/woodmart2\/wp-content\/uploads\/2021\/08\/hkgroteskpro-semibold.woff2",
                "id": "3419"
            }
        },
        "{{index}}": {
            "font-name": "",
            "font-weight": "400",
            "font-woff": {
                "url": "",
                "id": ""
            },
            "font-woff2": {
                "url": "",
                "id": ""
            }
        }
    },
    "text-font": [
        {
            "custom": "",
            "google": "1",
            "font-family": "Jost",
            "font-weight": "400",
            "font-style": "",
            "font-subset": "",
            "font-size": "14",
            "tablet": {
                "font-size": ""
            },
            "mobile": {
                "font-size": ""
            },
            "color": "#777777"
        }
    ],
    "primary-font": [
        {
            "custom": "",
            "google": "0",
            "font-family": "hkgroteskpro",
            "font-weight": "600",
            "font-style": "",
            "font-subset": "",
            "text-transform": "",
            "color": "#242424"
        }
    ],
    "post-titles-font": [
        {
            "custom": "",
            "google": "0",
            "font-family": "hkgroteskpro",
            "font-weight": "600",
            "font-style": "",
            "font-subset": "",
            "text-transform": "",
            "color": "#333333",
            "hover": {
                "color": "rgb(51 51 51 \/ 65%)"
            }
        }
    ],
    "widget-titles-font": [
        {
            "custom": "",
            "google": "0",
            "font-family": "hkgroteskpro",
            "font-weight": "600",
            "font-style": "",
            "font-subset": "",
            "text-transform": "uppercase",
            "font-size": "16",
            "tablet": {
                "font-size": ""
            },
            "mobile": {
                "font-size": ""
            },
            "color": "#333"
        }
    ],
    "primary-color": {
        "idle": "rgb(46,107,198)"
    },
    "btns_shop_bg": {
        "idle": "rgb(46,107,198)"
    },
    "btns_shop_bg_hover": {
        "idle": "rgb(42,97,180)"
    },
    "btns_accent_bg": {
        "idle": "rgb(46,107,198)"
    },
    "btns_accent_bg_hover": {
        "idle": "rgb(42,97,180)"
    },
    "btns_shop_style": "semi-rounded",
    "btns_accent_style": "semi-rounded",
    "btns_default_style": "semi-rounded",
    "secondary-font": [
        {
            "custom": "",
            "google": "0",
            "font-family": "hkgroteskpro",
            "font-weight": "600",
            "font-style": "",
            "font-subset": ""
        }
    ],
    "footer-style": "light",
    "footer-bar-bg": {
        "color": "rgb(16,16,16)",
        "url": "",
        "id": "",
        "repeat": "",
        "size": "",
        "attachment": "",
        "position": ""
    },
    "products_hover": "quick",
    "title-background": {
        "color": "#0a0a0a",
        "url": "http:\/\/dummy.xtemos.com\/woodmart2\/wp-content\/uploads\/2021\/08\/accessories-page-title.jpg",
        "id": "4691",
        "repeat": "",
        "size": "cover",
        "attachment": "",
        "position": "center center"
    },
    "disable_copyrights": "0",
    "popup-background": {
        "color": "#111111",
        "url": "http:\/\/dummy.xtemos.com\/woodmart2\/wp-content\/uploads\/2021\/08\/accessories-popup.jpg",
        "id": "4692",
        "repeat": "no-repeat",
        "size": "cover",
        "attachment": "",
        "position": "center center"
    },
    "before_add_to_cart_content_type": "html_block",
    "before_add_to_cart_html_block": "4687",
    "form_fields_style": "semi-rounded",
    "footer_content_type": "html_block",
    "footer_html_block": "4708",
    "prefooter_content_type": "text",
    "prefooter_area": "",
    "advanced_typography": {
        "0": {
            "custom": "",
            "selector": [
                "product_category_title"
            ],
            "custom-selector": "",
            "google": "0",
            "font-family": "",
            "font-weight": "",
            "font-style": "",
            "font-subset": "",
            "text-transform": "none",
            "font-size": "",
            "tablet": {
                "font-size": "",
                "line-height": ""
            },
            "mobile": {
                "font-size": "",
                "line-height": ""
            },
            "line-height": "",
            "color": "",
            "hover": {
                "color": ""
            }
        },
        "{{index}}": {
            "custom": "",
            "custom-selector": "",
            "google": "0",
            "font-family": "",
            "font-weight": "",
            "font-style": "",
            "font-subset": "",
            "text-transform": "",
            "font-size": "",
            "tablet": {
                "font-size": "",
                "line-height": ""
            },
            "mobile": {
                "font-size": "",
                "line-height": ""
            },
            "line-height": "",
            "color": "",
            "hover": {
                "color": ""
            }
        }
    },
    "promo_popup_content_type": "html_block",
    "popup_html_block": "212",
    "single_product_header": "header_442461",
    "blog_excerpt_length": "130",
    "additional_tab_content_type": "html_block",
    "additional_tab_html_block": "242",
    "portfolio_page": "150"
}