<?xml version="1.0" encoding="UTF-8" ?>
	<!-- This is a WordPress eXtended RSS file generated by WordPress as an export of your site. -->
	<!-- It contains information about your site's posts, pages, comments, categories, and other content. -->
	<!-- You may use this file to transfer that content from one site to another. -->
	<!-- This file is not intended to serve as a complete backup of your site. -->

	<!-- To import this information into a WordPress site follow these steps: -->
	<!-- 1. Log in to that site as an administrator. -->
	<!-- 2. Go to Tools: Import in the WordPress admin panel. -->
	<!-- 3. Install the "WordPress" importer from the list. -->
	<!-- 4. Activate & Run Importer. -->
	<!-- 5. Upload this file using the form provided on that page. -->
	<!-- 6. You will first be asked to map the authors in this export file to users -->
	<!--    on the site. For each author, you may choose to map to an -->
	<!--    existing user on the site or to create a new user. -->
	<!-- 7. WordPress will then import each of the posts, pages, comments, categories, etc. -->
	<!--    contained in this file into your site. -->

	<!-- generator="WordPress/5.8.1" created="2021-10-19 12:46" -->
<rss version="2.0"
	xmlns:excerpt="http://wordpress.org/export/1.2/excerpt/"
	xmlns:content="http://purl.org/rss/1.0/modules/content/"
	xmlns:wfw="http://wellformedweb.org/CommentAPI/"
	xmlns:dc="http://purl.org/dc/elements/1.1/"
	xmlns:wp="http://wordpress.org/export/1.2/"
>

<channel>
	<title>Elementor 2.0 WoodMart dummy</title>
	<link>http://dummy.xtemos.com/woodmart2/elementor</link>
	<description>Just another WoodMart Dummy 2.0 Sites site</description>
	<pubDate>Tue, 19 Oct 2021 12:46:05 +0000</pubDate>
	<language>en-US</language>
	<wp:wxr_version>1.2</wp:wxr_version>
	<wp:base_site_url>http://dummy.xtemos.com/woodmart2/</wp:base_site_url>
	<wp:base_blog_url>http://dummy.xtemos.com/woodmart2/elementor</wp:base_blog_url>

		<wp:author><wp:author_id>2</wp:author_id><wp:author_login><![CDATA[zakhar]]></wp:author_login><wp:author_email><![CDATA[zak@asda.as]]></wp:author_email><wp:author_display_name><![CDATA[Mr. Mackay]]></wp:author_display_name><wp:author_first_name><![CDATA[sds]]></wp:author_first_name><wp:author_last_name><![CDATA[scssc]]></wp:author_last_name></wp:author>

					<wp:term>
			<wp:term_id>0</wp:term_id>
			<wp:term_taxonomy><![CDATA[]]></wp:term_taxonomy>
			<wp:term_slug><![CDATA[]]></wp:term_slug>
			<wp:term_parent><![CDATA[]]></wp:term_parent>
					</wp:term>
		
	<generator>https://wordpress.org/?v=5.8.1</generator>

					<item>
					<title><![CDATA[Home Digital-portfolio]]></title>
					<link>http://dummy.xtemos.com/woodmart2/elementor/home-digital-portfolio/</link>
					<pubDate>Wed, 08 Sep 2021 16:42:42 +0000</pubDate>
					<dc:creator><![CDATA[zakhar]]></dc:creator>
					<guid isPermaLink="false">http://dummy.xtemos.com/woodmart2/elementor/?page_id=2819</guid>
											<content:encoded><![CDATA[<h4>Dust Textures</h4> 
				<h4>Color Powder.</h4> 
					Habitasse sapien ad nunc ullamcorper eget ullamcorper turpis tristique quis dis ad aliquet adipiscing suspendisse duis non integer magna.]]></content:encoded>
															<wp:post_id>2819</wp:post_id>
					<wp:post_date><![CDATA[2021-09-08 16:42:42]]></wp:post_date>
					<wp:post_date_gmt><![CDATA[2021-09-08 16:42:42]]></wp:post_date_gmt>
					<wp:post_modified><![CDATA[2021-10-19 12:43:30]]></wp:post_modified>
					<wp:post_modified_gmt><![CDATA[2021-10-19 12:43:30]]></wp:post_modified_gmt>
					<wp:comment_status><![CDATA[closed]]></wp:comment_status>
					<wp:post_name><![CDATA[home-digital-portfolio]]></wp:post_name>
					<wp:status><![CDATA[publish]]></wp:status>
					<wp:post_parent>0</wp:post_parent>
					<wp:menu_order>0</wp:menu_order>
					<wp:post_type><![CDATA[page]]></wp:post_type>
																					<wp:postmeta>
							<wp:meta_key><![CDATA[_woodmart_whb_header]]></wp:meta_key>
							<wp:meta_value><![CDATA[none]]></wp:meta_value>
						</wp:postmeta>
												<wp:postmeta>
							<wp:meta_key><![CDATA[_woodmart_title_off]]></wp:meta_key>
							<wp:meta_value><![CDATA[on]]></wp:meta_value>
						</wp:postmeta>
												<wp:postmeta>
							<wp:meta_key><![CDATA[_woodmart_title_image]]></wp:meta_key>
							<wp:meta_value><![CDATA[a:2:{s:3:"url";s:0:"";s:2:"id";s:0:"";}]]></wp:meta_value>
						</wp:postmeta>
												<wp:postmeta>
							<wp:meta_key><![CDATA[_woodmart_page-title-size]]></wp:meta_key>
							<wp:meta_value><![CDATA[inherit]]></wp:meta_value>
						</wp:postmeta>
												<wp:postmeta>
							<wp:meta_key><![CDATA[_woodmart_main_layout]]></wp:meta_key>
							<wp:meta_value><![CDATA[full-width]]></wp:meta_value>
						</wp:postmeta>
												<wp:postmeta>
							<wp:meta_key><![CDATA[_elementor_edit_mode]]></wp:meta_key>
							<wp:meta_value><![CDATA[builder]]></wp:meta_value>
						</wp:postmeta>
												<wp:postmeta>
							<wp:meta_key><![CDATA[_elementor_template_type]]></wp:meta_key>
							<wp:meta_value><![CDATA[wp-page]]></wp:meta_value>
						</wp:postmeta>
												<wp:postmeta>
							<wp:meta_key><![CDATA[_elementor_version]]></wp:meta_key>
							<wp:meta_value><![CDATA[3.4.3]]></wp:meta_value>
						</wp:postmeta>
												<wp:postmeta>
							<wp:meta_key><![CDATA[_wp_page_template]]></wp:meta_key>
							<wp:meta_value><![CDATA[default]]></wp:meta_value>
						</wp:postmeta>
												<wp:postmeta>
							<wp:meta_key><![CDATA[_elementor_data]]></wp:meta_key>
							<wp:meta_value><![CDATA[[{"id":"108d0a53","elType":"section","settings":{"wd_section_stretch":"stretch","background_background":"classic","background_image":{"id":5027,"url":"http:\/\/dummy.xtemos.com\/woodmart2\/elementor\/wp-content\/uploads\/sites\/2\/2021\/10\/digital-portfolio-header-img.jpg","alt":"","source":"library"},"background_size":"cover","background_repeat":"no-repeat","gap":"no","background_position":"center center","margin":{"unit":"px","top":"0","right":"0","bottom":"25","left":"0","isLinked":""},"padding":{"unit":"px","top":"200","right":"0","bottom":"200","left":"0","isLinked":""}},"elements":[{"id":"5e128500","elType":"column","settings":{"_column_size":"100","space_between_widgets":"15","column_sticky_offset":"50","scroll_y":"-80"},"elements":[{"id":"5848995","elType":"widget","settings":{"subtitle":"","title":"Dust Textures","after_title":"","size":"extra-large","subtitle_typography_font_size_mobile":{"unit":"px","size":"30","sizes":[]},"subtitle_typography_line_height_mobile":{"unit":"px","size":"40","sizes":[]},"title_color":"#FFFFFF","title_typography_typography":"custom","title_typography_font_family":"Playfair Display","title_typography_font_size":{"unit":"px","size":"80","sizes":[]},"title_typography_font_size_tablet":{"unit":"px","size":"55","sizes":[]},"title_typography_font_size_mobile":{"unit":"px","size":"30","sizes":[]},"title_typography_font_weight":"700","title_typography_font_style":"italic","title_typography_line_height":{"unit":"px","size":"90","sizes":[]},"title_typography_line_height_tablet":{"unit":"px","size":"65","sizes":[]},"title_typography_line_height_mobile":{"unit":"px","size":"40","sizes":[]},"scroll_y":"-80"},"elements":[],"widgetType":"wd_title"},{"id":"5f4dc823","elType":"widget","settings":{"subtitle":"","title":"Color Powder.","after_title":"<p>Habitasse sapien ad nunc ullamcorper eget ullamcorper turpis tristique quis dis ad aliquet adipiscing suspendisse duis non integer magna.<\/p>","width":{"unit":"%","size":"65","sizes":[]},"width_tablet":{"unit":"%","size":"80","sizes":[]},"width_mobile":{"unit":"%","size":"100","sizes":[]},"size":"extra-large","title_color":"#FFFFFF","title_typography_typography":"custom","title_typography_font_size":{"unit":"px","size":"100","sizes":[]},"title_typography_font_size_tablet":{"unit":"px","size":"75","sizes":[]},"title_typography_font_size_mobile":{"unit":"px","size":"40","sizes":[]},"title_typography_font_weight":"700","title_typography_line_height":{"unit":"px","size":"100","sizes":[]},"title_typography_line_height_tablet":{"unit":"px","size":"85","sizes":[]},"title_typography_line_height_mobile":{"unit":"px","size":"50","sizes":[]},"text_color":"rgba(255, 255, 255, 0.76)","text_typography_typography":"custom","text_typography_font_size":{"unit":"px","size":"18","sizes":[]},"text_typography_font_size_mobile":{"unit":"px","size":"16","sizes":[]},"text_typography_line_height":{"unit":"px","size":"28","sizes":[]},"text_typography_line_height_mobile":{"unit":"px","size":"26","sizes":[]},"scroll_y":"-80"},"elements":[],"widgetType":"wd_title"}],"isInner":""}],"isInner":""},{"id":"4bbd1243","elType":"section","settings":{"wd_section_stretch":"stretch_row_content"},"elements":[{"id":"422dfd4d","elType":"column","settings":{"_column_size":"100","column_sticky_offset":"50","scroll_y":"-80"},"elements":[{"id":"4a41545f","elType":"widget","settings":{"columns":{"size":"4","unit":"px","sizes":[]},"spacing":"30","pagination":"load_more","posts_per_page":"9","scroll_y":"-80"},"elements":[],"widgetType":"wd_portfolio"}],"isInner":""}],"isInner":""}]]]></wp:meta_value>
						</wp:postmeta>
												<wp:postmeta>
							<wp:meta_key><![CDATA[_elementor_page_assets]]></wp:meta_key>
							<wp:meta_value><![CDATA[a:0:{}]]></wp:meta_value>
						</wp:postmeta>
												<wp:postmeta>
							<wp:meta_key><![CDATA[_elementor_controls_usage]]></wp:meta_key>
							<wp:meta_value><![CDATA[a:4:{s:8:"wd_title";a:3:{s:5:"count";i:2;s:15:"control_percent";i:7;s:8:"controls";a:3:{s:7:"content";a:1:{s:23:"general_content_section";a:3:{s:8:"subtitle";i:2;s:5:"title";i:2;s:11:"after_title";i:2;}}s:5:"style";a:3:{s:21:"general_style_section";a:2:{s:4:"size";i:2;s:5:"width";i:1;}s:19:"title_style_section";a:7:{s:11:"title_color";i:2;s:27:"title_typography_typography";i:2;s:28:"title_typography_font_family";i:1;s:26:"title_typography_font_size";i:2;s:28:"title_typography_font_weight";i:2;s:27:"title_typography_font_style";i:1;s:28:"title_typography_line_height";i:2;}s:18:"text_style_section";a:4:{s:10:"text_color";i:1;s:26:"text_typography_typography";i:1;s:25:"text_typography_font_size";i:1;s:27:"text_typography_line_height";i:1;}}s:8:"advanced";a:1:{s:8:"wd_extra";a:1:{s:8:"scroll_y";i:2;}}}}s:6:"column";a:3:{s:5:"count";i:2;s:15:"control_percent";i:1;s:8:"controls";a:2:{s:6:"layout";a:1:{s:6:"layout";a:1:{s:21:"space_between_widgets";i:1;}}s:8:"advanced";a:1:{s:8:"wd_extra";a:2:{s:20:"column_sticky_offset";i:2;s:8:"scroll_y";i:2;}}}}s:7:"section";a:3:{s:5:"count";i:2;s:15:"control_percent";i:0;s:8:"controls";a:3:{s:6:"layout";a:2:{s:15:"wd_extra_layout";a:1:{s:18:"wd_section_stretch";i:2;}s:14:"section_layout";a:1:{s:3:"gap";i:1;}}s:5:"style";a:1:{s:18:"section_background";a:5:{s:21:"background_background";i:1;s:16:"background_image";i:1;s:15:"background_size";i:1;s:17:"background_repeat";i:1;s:19:"background_position";i:1;}}s:8:"advanced";a:1:{s:16:"section_advanced";a:2:{s:6:"margin";i:1;s:7:"padding";i:1;}}}}s:12:"wd_portfolio";a:3:{s:5:"count";i:1;s:15:"control_percent";i:3;s:8:"controls";a:2:{s:5:"style";a:1:{s:21:"general_style_section";a:4:{s:7:"columns";i:1;s:7:"spacing";i:1;s:10:"pagination";i:1;s:14:"posts_per_page";i:1;}}s:8:"advanced";a:1:{s:8:"wd_extra";a:1:{s:8:"scroll_y";i:1;}}}}}]]></wp:meta_value>
						</wp:postmeta>
										</item>
								<item>
					<title><![CDATA[digital-portfolio-header-img]]></title>
					<link>http://dummy.xtemos.com/woodmart2/elementor/home-digital-portfolio/digital-portfolio-header-img/</link>
					<pubDate>Tue, 19 Oct 2021 12:42:57 +0000</pubDate>
					<dc:creator><![CDATA[zakhar]]></dc:creator>
					<guid isPermaLink="false">http://dummy.xtemos.com/woodmart2/elementor/wp-content/uploads/sites/2/2021/10/digital-portfolio-header-img.jpg</guid>
															<wp:post_id>5027</wp:post_id>
					<wp:post_date><![CDATA[2021-10-19 12:42:57]]></wp:post_date>
					<wp:post_date_gmt><![CDATA[2021-10-19 12:42:57]]></wp:post_date_gmt>
					<wp:post_modified><![CDATA[2021-10-19 12:42:57]]></wp:post_modified>
					<wp:post_modified_gmt><![CDATA[2021-10-19 12:42:57]]></wp:post_modified_gmt>
					<wp:comment_status><![CDATA[open]]></wp:comment_status>
					<wp:post_name><![CDATA[digital-portfolio-header-img]]></wp:post_name>
					<wp:status><![CDATA[inherit]]></wp:status>
					<wp:post_parent>2819</wp:post_parent>
					<wp:menu_order>0</wp:menu_order>
					<wp:post_type><![CDATA[attachment]]></wp:post_type>
											<wp:attachment_url><![CDATA[http://dummy.xtemos.com/woodmart2/elementor/wp-content/uploads/sites/2/2021/10/digital-portfolio-header-img.jpg]]></wp:attachment_url>
																					<wp:postmeta>
							<wp:meta_key><![CDATA[_wp_attached_file]]></wp:meta_key>
							<wp:meta_value><![CDATA[2021/10/digital-portfolio-header-img.jpg]]></wp:meta_value>
						</wp:postmeta>
										</item>
								<item>
					<title><![CDATA[digital-portfolio-1]]></title>
					<link>http://dummy.xtemos.com/woodmart2/elementor/digital-portfolio-1/</link>
					<pubDate>Tue, 19 Oct 2021 12:44:43 +0000</pubDate>
					<dc:creator><![CDATA[zakhar]]></dc:creator>
					<guid isPermaLink="false">http://dummy.xtemos.com/woodmart2/elementor/wp-content/uploads/sites/2/2021/10/digital-portfolio-1.jpg</guid>
															<wp:post_id>5031</wp:post_id>
					<wp:post_date><![CDATA[2021-10-19 12:44:43]]></wp:post_date>
					<wp:post_date_gmt><![CDATA[2021-10-19 12:44:43]]></wp:post_date_gmt>
					<wp:post_modified><![CDATA[2021-10-19 12:44:43]]></wp:post_modified>
					<wp:post_modified_gmt><![CDATA[2021-10-19 12:44:43]]></wp:post_modified_gmt>
					<wp:comment_status><![CDATA[open]]></wp:comment_status>
					<wp:post_name><![CDATA[digital-portfolio-1]]></wp:post_name>
					<wp:status><![CDATA[inherit]]></wp:status>
					<wp:post_parent>0</wp:post_parent>
					<wp:menu_order>0</wp:menu_order>
					<wp:post_type><![CDATA[attachment]]></wp:post_type>
											<wp:attachment_url><![CDATA[http://dummy.xtemos.com/woodmart2/elementor/wp-content/uploads/sites/2/2021/10/digital-portfolio-1.jpg]]></wp:attachment_url>
																					<wp:postmeta>
							<wp:meta_key><![CDATA[_wp_attached_file]]></wp:meta_key>
							<wp:meta_value><![CDATA[2021/10/digital-portfolio-1.jpg]]></wp:meta_value>
						</wp:postmeta>
										</item>
								<item>
					<title><![CDATA[digital-portfolio-2]]></title>
					<link>http://dummy.xtemos.com/woodmart2/elementor/digital-portfolio-2/</link>
					<pubDate>Tue, 19 Oct 2021 12:44:45 +0000</pubDate>
					<dc:creator><![CDATA[zakhar]]></dc:creator>
					<guid isPermaLink="false">http://dummy.xtemos.com/woodmart2/elementor/wp-content/uploads/sites/2/2021/10/digital-portfolio-2.jpg</guid>
															<wp:post_id>5032</wp:post_id>
					<wp:post_date><![CDATA[2021-10-19 12:44:45]]></wp:post_date>
					<wp:post_date_gmt><![CDATA[2021-10-19 12:44:45]]></wp:post_date_gmt>
					<wp:post_modified><![CDATA[2021-10-19 12:44:45]]></wp:post_modified>
					<wp:post_modified_gmt><![CDATA[2021-10-19 12:44:45]]></wp:post_modified_gmt>
					<wp:comment_status><![CDATA[open]]></wp:comment_status>
					<wp:post_name><![CDATA[digital-portfolio-2]]></wp:post_name>
					<wp:status><![CDATA[inherit]]></wp:status>
					<wp:post_parent>0</wp:post_parent>
					<wp:menu_order>0</wp:menu_order>
					<wp:post_type><![CDATA[attachment]]></wp:post_type>
											<wp:attachment_url><![CDATA[http://dummy.xtemos.com/woodmart2/elementor/wp-content/uploads/sites/2/2021/10/digital-portfolio-2.jpg]]></wp:attachment_url>
																					<wp:postmeta>
							<wp:meta_key><![CDATA[_wp_attached_file]]></wp:meta_key>
							<wp:meta_value><![CDATA[2021/10/digital-portfolio-2.jpg]]></wp:meta_value>
						</wp:postmeta>
										</item>
								<item>
					<title><![CDATA[digital-portfolio-3]]></title>
					<link>http://dummy.xtemos.com/woodmart2/elementor/digital-portfolio-3/</link>
					<pubDate>Tue, 19 Oct 2021 12:44:46 +0000</pubDate>
					<dc:creator><![CDATA[zakhar]]></dc:creator>
					<guid isPermaLink="false">http://dummy.xtemos.com/woodmart2/elementor/wp-content/uploads/sites/2/2021/10/digital-portfolio-3.jpg</guid>
															<wp:post_id>5033</wp:post_id>
					<wp:post_date><![CDATA[2021-10-19 12:44:46]]></wp:post_date>
					<wp:post_date_gmt><![CDATA[2021-10-19 12:44:46]]></wp:post_date_gmt>
					<wp:post_modified><![CDATA[2021-10-19 12:44:46]]></wp:post_modified>
					<wp:post_modified_gmt><![CDATA[2021-10-19 12:44:46]]></wp:post_modified_gmt>
					<wp:comment_status><![CDATA[open]]></wp:comment_status>
					<wp:post_name><![CDATA[digital-portfolio-3]]></wp:post_name>
					<wp:status><![CDATA[inherit]]></wp:status>
					<wp:post_parent>0</wp:post_parent>
					<wp:menu_order>0</wp:menu_order>
					<wp:post_type><![CDATA[attachment]]></wp:post_type>
											<wp:attachment_url><![CDATA[http://dummy.xtemos.com/woodmart2/elementor/wp-content/uploads/sites/2/2021/10/digital-portfolio-3.jpg]]></wp:attachment_url>
																					<wp:postmeta>
							<wp:meta_key><![CDATA[_wp_attached_file]]></wp:meta_key>
							<wp:meta_value><![CDATA[2021/10/digital-portfolio-3.jpg]]></wp:meta_value>
						</wp:postmeta>
										</item>
								<item>
					<title><![CDATA[digital-portfolio-4]]></title>
					<link>http://dummy.xtemos.com/woodmart2/elementor/digital-portfolio-4/</link>
					<pubDate>Tue, 19 Oct 2021 12:44:48 +0000</pubDate>
					<dc:creator><![CDATA[zakhar]]></dc:creator>
					<guid isPermaLink="false">http://dummy.xtemos.com/woodmart2/elementor/wp-content/uploads/sites/2/2021/10/digital-portfolio-4.jpg</guid>
															<wp:post_id>5034</wp:post_id>
					<wp:post_date><![CDATA[2021-10-19 12:44:48]]></wp:post_date>
					<wp:post_date_gmt><![CDATA[2021-10-19 12:44:48]]></wp:post_date_gmt>
					<wp:post_modified><![CDATA[2021-10-19 12:44:48]]></wp:post_modified>
					<wp:post_modified_gmt><![CDATA[2021-10-19 12:44:48]]></wp:post_modified_gmt>
					<wp:comment_status><![CDATA[open]]></wp:comment_status>
					<wp:post_name><![CDATA[digital-portfolio-4]]></wp:post_name>
					<wp:status><![CDATA[inherit]]></wp:status>
					<wp:post_parent>0</wp:post_parent>
					<wp:menu_order>0</wp:menu_order>
					<wp:post_type><![CDATA[attachment]]></wp:post_type>
											<wp:attachment_url><![CDATA[http://dummy.xtemos.com/woodmart2/elementor/wp-content/uploads/sites/2/2021/10/digital-portfolio-4.jpg]]></wp:attachment_url>
																					<wp:postmeta>
							<wp:meta_key><![CDATA[_wp_attached_file]]></wp:meta_key>
							<wp:meta_value><![CDATA[2021/10/digital-portfolio-4.jpg]]></wp:meta_value>
						</wp:postmeta>
										</item>
								<item>
					<title><![CDATA[digital-portfolio-5]]></title>
					<link>http://dummy.xtemos.com/woodmart2/elementor/digital-portfolio-5/</link>
					<pubDate>Tue, 19 Oct 2021 12:44:50 +0000</pubDate>
					<dc:creator><![CDATA[zakhar]]></dc:creator>
					<guid isPermaLink="false">http://dummy.xtemos.com/woodmart2/elementor/wp-content/uploads/sites/2/2021/10/digital-portfolio-5.jpg</guid>
															<wp:post_id>5035</wp:post_id>
					<wp:post_date><![CDATA[2021-10-19 12:44:50]]></wp:post_date>
					<wp:post_date_gmt><![CDATA[2021-10-19 12:44:50]]></wp:post_date_gmt>
					<wp:post_modified><![CDATA[2021-10-19 12:44:50]]></wp:post_modified>
					<wp:post_modified_gmt><![CDATA[2021-10-19 12:44:50]]></wp:post_modified_gmt>
					<wp:comment_status><![CDATA[open]]></wp:comment_status>
					<wp:post_name><![CDATA[digital-portfolio-5]]></wp:post_name>
					<wp:status><![CDATA[inherit]]></wp:status>
					<wp:post_parent>0</wp:post_parent>
					<wp:menu_order>0</wp:menu_order>
					<wp:post_type><![CDATA[attachment]]></wp:post_type>
											<wp:attachment_url><![CDATA[http://dummy.xtemos.com/woodmart2/elementor/wp-content/uploads/sites/2/2021/10/digital-portfolio-5.jpg]]></wp:attachment_url>
																					<wp:postmeta>
							<wp:meta_key><![CDATA[_wp_attached_file]]></wp:meta_key>
							<wp:meta_value><![CDATA[2021/10/digital-portfolio-5.jpg]]></wp:meta_value>
						</wp:postmeta>
										</item>
								<item>
					<title><![CDATA[digital-portfolio-6]]></title>
					<link>http://dummy.xtemos.com/woodmart2/elementor/digital-portfolio-6/</link>
					<pubDate>Tue, 19 Oct 2021 12:44:52 +0000</pubDate>
					<dc:creator><![CDATA[zakhar]]></dc:creator>
					<guid isPermaLink="false">http://dummy.xtemos.com/woodmart2/elementor/wp-content/uploads/sites/2/2021/10/digital-portfolio-6.jpg</guid>
															<wp:post_id>5036</wp:post_id>
					<wp:post_date><![CDATA[2021-10-19 12:44:52]]></wp:post_date>
					<wp:post_date_gmt><![CDATA[2021-10-19 12:44:52]]></wp:post_date_gmt>
					<wp:post_modified><![CDATA[2021-10-19 12:44:52]]></wp:post_modified>
					<wp:post_modified_gmt><![CDATA[2021-10-19 12:44:52]]></wp:post_modified_gmt>
					<wp:comment_status><![CDATA[open]]></wp:comment_status>
					<wp:post_name><![CDATA[digital-portfolio-6]]></wp:post_name>
					<wp:status><![CDATA[inherit]]></wp:status>
					<wp:post_parent>0</wp:post_parent>
					<wp:menu_order>0</wp:menu_order>
					<wp:post_type><![CDATA[attachment]]></wp:post_type>
											<wp:attachment_url><![CDATA[http://dummy.xtemos.com/woodmart2/elementor/wp-content/uploads/sites/2/2021/10/digital-portfolio-6.jpg]]></wp:attachment_url>
																					<wp:postmeta>
							<wp:meta_key><![CDATA[_wp_attached_file]]></wp:meta_key>
							<wp:meta_value><![CDATA[2021/10/digital-portfolio-6.jpg]]></wp:meta_value>
						</wp:postmeta>
										</item>
								<item>
					<title><![CDATA[digital-portfolio-7]]></title>
					<link>http://dummy.xtemos.com/woodmart2/elementor/digital-portfolio-7/</link>
					<pubDate>Tue, 19 Oct 2021 12:44:53 +0000</pubDate>
					<dc:creator><![CDATA[zakhar]]></dc:creator>
					<guid isPermaLink="false">http://dummy.xtemos.com/woodmart2/elementor/wp-content/uploads/sites/2/2021/10/digital-portfolio-7.jpg</guid>
															<wp:post_id>5037</wp:post_id>
					<wp:post_date><![CDATA[2021-10-19 12:44:53]]></wp:post_date>
					<wp:post_date_gmt><![CDATA[2021-10-19 12:44:53]]></wp:post_date_gmt>
					<wp:post_modified><![CDATA[2021-10-19 12:44:53]]></wp:post_modified>
					<wp:post_modified_gmt><![CDATA[2021-10-19 12:44:53]]></wp:post_modified_gmt>
					<wp:comment_status><![CDATA[open]]></wp:comment_status>
					<wp:post_name><![CDATA[digital-portfolio-7]]></wp:post_name>
					<wp:status><![CDATA[inherit]]></wp:status>
					<wp:post_parent>0</wp:post_parent>
					<wp:menu_order>0</wp:menu_order>
					<wp:post_type><![CDATA[attachment]]></wp:post_type>
											<wp:attachment_url><![CDATA[http://dummy.xtemos.com/woodmart2/elementor/wp-content/uploads/sites/2/2021/10/digital-portfolio-7.jpg]]></wp:attachment_url>
																					<wp:postmeta>
							<wp:meta_key><![CDATA[_wp_attached_file]]></wp:meta_key>
							<wp:meta_value><![CDATA[2021/10/digital-portfolio-7.jpg]]></wp:meta_value>
						</wp:postmeta>
										</item>
								<item>
					<title><![CDATA[digital-portfolio-8]]></title>
					<link>http://dummy.xtemos.com/woodmart2/elementor/digital-portfolio-8/</link>
					<pubDate>Tue, 19 Oct 2021 12:44:55 +0000</pubDate>
					<dc:creator><![CDATA[zakhar]]></dc:creator>
					<guid isPermaLink="false">http://dummy.xtemos.com/woodmart2/elementor/wp-content/uploads/sites/2/2021/10/digital-portfolio-8.jpg</guid>
															<wp:post_id>5038</wp:post_id>
					<wp:post_date><![CDATA[2021-10-19 12:44:55]]></wp:post_date>
					<wp:post_date_gmt><![CDATA[2021-10-19 12:44:55]]></wp:post_date_gmt>
					<wp:post_modified><![CDATA[2021-10-19 12:44:55]]></wp:post_modified>
					<wp:post_modified_gmt><![CDATA[2021-10-19 12:44:55]]></wp:post_modified_gmt>
					<wp:comment_status><![CDATA[open]]></wp:comment_status>
					<wp:post_name><![CDATA[digital-portfolio-8]]></wp:post_name>
					<wp:status><![CDATA[inherit]]></wp:status>
					<wp:post_parent>0</wp:post_parent>
					<wp:menu_order>0</wp:menu_order>
					<wp:post_type><![CDATA[attachment]]></wp:post_type>
											<wp:attachment_url><![CDATA[http://dummy.xtemos.com/woodmart2/elementor/wp-content/uploads/sites/2/2021/10/digital-portfolio-8.jpg]]></wp:attachment_url>
																					<wp:postmeta>
							<wp:meta_key><![CDATA[_wp_attached_file]]></wp:meta_key>
							<wp:meta_value><![CDATA[2021/10/digital-portfolio-8.jpg]]></wp:meta_value>
						</wp:postmeta>
										</item>
								<item>
					<title><![CDATA[digital-portfolio-9]]></title>
					<link>http://dummy.xtemos.com/woodmart2/elementor/digital-portfolio-9/</link>
					<pubDate>Tue, 19 Oct 2021 12:44:57 +0000</pubDate>
					<dc:creator><![CDATA[zakhar]]></dc:creator>
					<guid isPermaLink="false">http://dummy.xtemos.com/woodmart2/elementor/wp-content/uploads/sites/2/2021/10/digital-portfolio-9.jpg</guid>
															<wp:post_id>5039</wp:post_id>
					<wp:post_date><![CDATA[2021-10-19 12:44:57]]></wp:post_date>
					<wp:post_date_gmt><![CDATA[2021-10-19 12:44:57]]></wp:post_date_gmt>
					<wp:post_modified><![CDATA[2021-10-19 12:44:57]]></wp:post_modified>
					<wp:post_modified_gmt><![CDATA[2021-10-19 12:44:57]]></wp:post_modified_gmt>
					<wp:comment_status><![CDATA[open]]></wp:comment_status>
					<wp:post_name><![CDATA[digital-portfolio-9]]></wp:post_name>
					<wp:status><![CDATA[inherit]]></wp:status>
					<wp:post_parent>0</wp:post_parent>
					<wp:menu_order>0</wp:menu_order>
					<wp:post_type><![CDATA[attachment]]></wp:post_type>
											<wp:attachment_url><![CDATA[http://dummy.xtemos.com/woodmart2/elementor/wp-content/uploads/sites/2/2021/10/digital-portfolio-9.jpg]]></wp:attachment_url>
																					<wp:postmeta>
							<wp:meta_key><![CDATA[_wp_attached_file]]></wp:meta_key>
							<wp:meta_value><![CDATA[2021/10/digital-portfolio-9.jpg]]></wp:meta_value>
						</wp:postmeta>
										</item>
				</channel>
</rss>
	