{
    "name": "Header Digital Portfolio",
    "id": "header_536130",
    "structure": {
        "id": "root",
        "type": "root",
        "content": [
            {
                "id": "top-bar",
                "type": "row",
                "content": [
                    {
                        "id": "column5",
                        "type": "column",
                        "content": []
                    },
                    {
                        "id": "column6",
                        "type": "column",
                        "content": []
                    },
                    {
                        "id": "column7",
                        "type": "column",
                        "content": []
                    },
                    {
                        "id": "column_mobile1",
                        "type": "column",
                        "content": []
                    }
                ],
                "params": {
                    "flex_layout": {
                        "id": "flex_layout",
                        "value": "flex-middle",
                        "type": "selector"
                    },
                    "height": {
                        "id": "height",
                        "value": 40,
                        "type": "slider"
                    },
                    "mobile_height": {
                        "id": "mobile_height",
                        "value": 40,
                        "type": "slider"
                    },
                    "hide_desktop": {
                        "id": "hide_desktop",
                        "value": true,
                        "type": "switcher"
                    },
                    "hide_mobile": {
                        "id": "hide_mobile",
                        "value": true,
                        "type": "switcher"
                    },
                    "sticky": {
                        "id": "sticky",
                        "value": false,
                        "type": "switcher"
                    },
                    "sticky_height": {
                        "id": "sticky_height",
                        "value": 60,
                        "type": "slider"
                    },
                    "color_scheme": {
                        "id": "color_scheme",
                        "value": "dark",
                        "type": "selector"
                    },
                    "shadow": {
                        "id": "shadow",
                        "value": false,
                        "type": "switcher"
                    },
                    "background": {
                        "id": "background",
                        "value": "",
                        "type": "bg"
                    },
                    "border": {
                        "id": "border",
                        "value": {
                            "sides": [
                                "bottom"
                            ]
                        },
                        "type": "border"
                    }
                }
            },
            {
                "id": "general-header",
                "type": "row",
                "content": [
                    {
                        "id": "column8",
                        "type": "column",
                        "content": [
                            {
                                "id": "s570z5hxkd07u97wkcvh",
                                "type": "logo",
                                "params": {
                                    "image": {
                                        "id": "image",
                                        "value": {
                                            "id": 114,
                                            "url": "http:\/\/dummy.xtemos.com\/woodmart2\/elementor\/wp-content\/uploads\/sites\/2\/2021\/08\/wood-logo-white-reserve.svg",
                                            "width": false,
                                            "height": false
                                        },
                                        "type": "image"
                                    },
                                    "width": {
                                        "id": "width",
                                        "value": 245,
                                        "type": "slider"
                                    },
                                    "sticky_notice": {
                                        "id": "sticky_notice",
                                        "value": "",
                                        "type": "notice"
                                    },
                                    "sticky_image": {
                                        "id": "sticky_image",
                                        "value": "",
                                        "type": "image"
                                    },
                                    "sticky_width": {
                                        "id": "sticky_width",
                                        "value": 245,
                                        "type": "slider"
                                    },
                                    "width_height": {
                                        "id": "width_height",
                                        "value": true,
                                        "type": "switcher"
                                    }
                                }
                            }
                        ]
                    },
                    {
                        "id": "column9",
                        "type": "column",
                        "content": []
                    },
                    {
                        "id": "column10",
                        "type": "column",
                        "content": [
                            {
                                "id": "9z42je8geu94ru6m7a3t",
                                "type": "search",
                                "params": {
                                    "display": {
                                        "id": "display",
                                        "value": "full-screen",
                                        "type": "selector"
                                    },
                                    "search_style": {
                                        "id": "search_style",
                                        "value": "default",
                                        "type": "selector"
                                    },
                                    "categories_dropdown": {
                                        "id": "categories_dropdown",
                                        "value": false,
                                        "type": "switcher"
                                    },
                                    "ajax": {
                                        "id": "ajax",
                                        "value": true,
                                        "type": "switcher"
                                    },
                                    "ajax_result_count": {
                                        "id": "ajax_result_count",
                                        "value": 20,
                                        "type": "slider"
                                    },
                                    "post_type": {
                                        "id": "post_type",
                                        "value": "portfolio",
                                        "type": "selector"
                                    },
                                    "icon_type": {
                                        "id": "icon_type",
                                        "value": "default",
                                        "type": "selector"
                                    },
                                    "custom_icon": {
                                        "id": "custom_icon",
                                        "value": "",
                                        "type": "image"
                                    }
                                }
                            },
                            {
                                "id": "q46n1unjkii7rtjfxjkl",
                                "type": "mainmenu",
                                "params": {
                                    "menu_id": {
                                        "id": "menu_id",
                                        "value": "",
                                        "type": "options"
                                    },
                                    "menu_style": {
                                        "id": "menu_style",
                                        "value": "default",
                                        "type": "selector"
                                    },
                                    "menu_align": {
                                        "id": "menu_align",
                                        "value": "center",
                                        "type": "selector"
                                    },
                                    "full_screen": {
                                        "id": "full_screen",
                                        "value": true,
                                        "type": "switcher"
                                    },
                                    "icon_type": {
                                        "id": "icon_type",
                                        "value": "default",
                                        "type": "selector"
                                    },
                                    "custom_icon": {
                                        "id": "custom_icon",
                                        "value": "",
                                        "type": "image"
                                    },
                                    "items_gap": {
                                        "id": "items_gap",
                                        "value": "s",
                                        "type": "selector"
                                    }
                                }
                            }
                        ]
                    },
                    {
                        "id": "column_mobile2",
                        "type": "column",
                        "content": [
                            {
                                "id": "or74p63yulx9vilhibyg",
                                "type": "logo",
                                "params": {
                                    "image": {
                                        "id": "image",
                                        "value": {
                                            "id": 114,
                                            "url": "http:\/\/dummy.xtemos.com\/woodmart2\/elementor\/wp-content\/uploads\/sites\/2\/2021\/08\/wood-logo-white-reserve.svg",
                                            "width": false,
                                            "height": false
                                        },
                                        "type": "image"
                                    },
                                    "width": {
                                        "id": "width",
                                        "value": 138,
                                        "type": "slider"
                                    },
                                    "sticky_notice": {
                                        "id": "sticky_notice",
                                        "value": "",
                                        "type": "notice"
                                    },
                                    "sticky_image": {
                                        "id": "sticky_image",
                                        "value": "",
                                        "type": "image"
                                    },
                                    "sticky_width": {
                                        "id": "sticky_width",
                                        "value": 138,
                                        "type": "slider"
                                    },
                                    "width_height": {
                                        "id": "width_height",
                                        "value": true,
                                        "type": "switcher"
                                    }
                                }
                            }
                        ]
                    },
                    {
                        "id": "column_mobile3",
                        "type": "column",
                        "content": []
                    },
                    {
                        "id": "column_mobile4",
                        "type": "column",
                        "content": [
                            {
                                "id": "dnxdmvgv8h28ughppp5f",
                                "type": "burger",
                                "params": {
                                    "style": {
                                        "id": "style",
                                        "value": "text",
                                        "type": "selector"
                                    },
                                    "icon_type": {
                                        "id": "icon_type",
                                        "value": "default",
                                        "type": "selector"
                                    },
                                    "custom_icon": {
                                        "id": "custom_icon",
                                        "value": "",
                                        "type": "image"
                                    },
                                    "position": {
                                        "id": "position",
                                        "value": "left",
                                        "type": "selector"
                                    },
                                    "search_form": {
                                        "id": "search_form",
                                        "value": true,
                                        "type": "switcher"
                                    },
                                    "categories_menu": {
                                        "id": "categories_menu",
                                        "value": true,
                                        "type": "switcher"
                                    },
                                    "menu_id": {
                                        "id": "menu_id",
                                        "value": "categories",
                                        "type": "options"
                                    },
                                    "tabs_swap": {
                                        "id": "tabs_swap",
                                        "value": false,
                                        "type": "switcher"
                                    }
                                }
                            }
                        ]
                    }
                ],
                "params": {
                    "flex_layout": {
                        "id": "flex_layout",
                        "value": "flex-middle",
                        "type": "selector"
                    },
                    "height": {
                        "id": "height",
                        "value": 90,
                        "type": "slider"
                    },
                    "mobile_height": {
                        "id": "mobile_height",
                        "value": 60,
                        "type": "slider"
                    },
                    "hide_desktop": {
                        "id": "hide_desktop",
                        "value": false,
                        "type": "switcher"
                    },
                    "hide_mobile": {
                        "id": "hide_mobile",
                        "value": false,
                        "type": "switcher"
                    },
                    "sticky": {
                        "id": "sticky",
                        "value": false,
                        "type": "switcher"
                    },
                    "sticky_height": {
                        "id": "sticky_height",
                        "value": 60,
                        "type": "slider"
                    },
                    "color_scheme": {
                        "id": "color_scheme",
                        "value": "light",
                        "type": "selector"
                    },
                    "shadow": {
                        "id": "shadow",
                        "value": false,
                        "type": "switcher"
                    },
                    "background": {
                        "id": "background",
                        "value": "",
                        "type": "bg"
                    },
                    "border": {
                        "id": "border",
                        "value": {
                            "sides": [
                                "bottom"
                            ]
                        },
                        "type": "border"
                    }
                }
            },
            {
                "id": "header-bottom",
                "type": "row",
                "content": [
                    {
                        "id": "column11",
                        "type": "column",
                        "content": []
                    },
                    {
                        "id": "column12",
                        "type": "column",
                        "content": []
                    },
                    {
                        "id": "column13",
                        "type": "column",
                        "content": []
                    },
                    {
                        "id": "column_mobile5",
                        "type": "column",
                        "content": []
                    }
                ],
                "params": {
                    "flex_layout": {
                        "id": "flex_layout",
                        "value": "flex-middle",
                        "type": "selector"
                    },
                    "height": {
                        "id": "height",
                        "value": 50,
                        "type": "slider"
                    },
                    "mobile_height": {
                        "id": "mobile_height",
                        "value": 40,
                        "type": "slider"
                    },
                    "hide_desktop": {
                        "id": "hide_desktop",
                        "value": true,
                        "type": "switcher"
                    },
                    "hide_mobile": {
                        "id": "hide_mobile",
                        "value": true,
                        "type": "switcher"
                    },
                    "sticky": {
                        "id": "sticky",
                        "value": false,
                        "type": "switcher"
                    },
                    "sticky_height": {
                        "id": "sticky_height",
                        "value": 60,
                        "type": "slider"
                    },
                    "color_scheme": {
                        "id": "color_scheme",
                        "value": "dark",
                        "type": "selector"
                    },
                    "shadow": {
                        "id": "shadow",
                        "value": false,
                        "type": "switcher"
                    },
                    "background": {
                        "id": "background",
                        "value": "",
                        "type": "bg"
                    },
                    "border": {
                        "id": "border",
                        "value": {
                            "sides": [
                                "bottom"
                            ]
                        },
                        "type": "border"
                    }
                }
            }
        ]
    },
    "settings": {
        "overlap": {
            "id": "overlap",
            "value": false,
            "type": "switcher"
        },
        "boxed": {
            "id": "boxed",
            "value": false,
            "type": "switcher"
        },
        "full_width": {
            "id": "full_width",
            "value": true,
            "type": "switcher"
        },
        "dropdowns_dark": {
            "id": "dropdowns_dark",
            "value": true,
            "type": "switcher"
        },
        "sticky_shadow": {
            "id": "sticky_shadow",
            "value": true,
            "type": "switcher"
        },
        "hide_on_scroll": {
            "id": "hide_on_scroll",
            "value": false,
            "type": "switcher"
        },
        "sticky_effect": {
            "id": "sticky_effect",
            "value": "stick",
            "type": "selector"
        },
        "sticky_clone": {
            "id": "sticky_clone",
            "value": false,
            "type": "switcher"
        },
        "sticky_height": {
            "id": "sticky_height",
            "value": 50,
            "type": "slider"
        }
    }
}