{"last_tab":"1","enable_preloader":"1","body_bg_color":"#FFFFFF","custom_accent_color":"#BFF747","custom_accent_color_2":"#BFF747","heading_color":"#000000","text_color":"#0C0C0C","logo":{"url":"https:\/\/favdevs.com\/demos\/wp\/aximo\/wp-content\/uploads\/2023\/12\/logo-dark.svg","id":"714","height":"24","width":"121","thumbnail":"https:\/\/favdevs.com\/demos\/wp\/aximo\/wp-content\/uploads\/2023\/12\/logo-dark.svg"},"white_logo":{"url":"https:\/\/favdevs.com\/demos\/wp\/aximo\/wp-content\/uploads\/2023\/12\/Logo.svg","id":"32","height":"24","width":"121","thumbnail":"https:\/\/favdevs.com\/demos\/wp\/aximo\/wp-content\/uploads\/2023\/12\/Logo.svg"},"logo_max_width_desktop":"115","logo_max_width_mobile":"115","body_typography":{"font-family":"Inter","font-options":"","font-weight":"400","font-style":"","text-align":"","font-size":"","line-height":"","letter-spacing":"","color":""},"heading_typography":{"font-family":"Syne","font-options":"","google":"1","font-backup":"","font-weight":"700","font-style":"","subsets":"","text-align":"","font-size":"","line-height":"","letter-spacing":"","color":""},"blog_breadcrumbs_img":{"url":"","id":"","height":"","width":"","thumbnail":""},"breadcrumb_overly_color":{"color":"","alpha":"1","rgba":""},"bredcrumb_title_typography":{"font-family":"","font-options":"","font-weight":"","font-style":"","text-align":"","font-size":"","line-height":"","letter-spacing":"","color":""},"bredcrumb_typography":{"font-family":"","font-options":"","font-weight":"","font-style":"","text-align":"","font-size":"","line-height":"","letter-spacing":"","color":""},"aximo_sidebar_widget_padding":{"units":"px","padding-top":"","padding-right":"","padding-bottom":"","padding-left":""},"bp_title":"Our blog","blog_hero_caption":"Read our latest blog posts.","blog_layout":"right-sidebar","blog_grid":"one-column","continue_reading_title":"Read More","show_excerpt":"1","sp_title":"Blog Details","single_page_layout":"right-sidebar","gmap_api":"1","portfolio":"1","megamenu":"","scustom_css":"\/** #header{\r\n   margin: 0 auto;\r\n }**\/","footer_copyright":"Copyright 2022, All Rights Reserved","customize-selected-changeset-status-control-input-49":"publish","screenoptionnonce":"ab280f3a83","background-position":"left top","_customize-radio-show_on_front":"page","_customize-dropdown-pages-page_on_front":"2820","_customize-dropdown-pages-page_for_posts":"12","redux-backup":1}