<?xml version="1.0" encoding="UTF-8" ?>
	<!-- This is a WordPress eXtended RSS file generated by WordPress as an export of your site. -->
	<!-- It contains information about your site's posts, pages, comments, categories, and other content. -->
	<!-- You may use this file to transfer that content from one site to another. -->
	<!-- This file is not intended to serve as a complete backup of your site. -->

	<!-- To import this information into a WordPress site follow these steps: -->
	<!-- 1. Log in to that site as an administrator. -->
	<!-- 2. Go to Tools: Import in the WordPress admin panel. -->
	<!-- 3. Install the "WordPress" importer from the list. -->
	<!-- 4. Activate & Run Importer. -->
	<!-- 5. Upload this file using the form provided on that page. -->
	<!-- 6. You will first be asked to map the authors in this export file to users -->
	<!--    on the site. For each author, you may choose to map to an -->
	<!--    existing user on the site or to create a new user. -->
	<!-- 7. WordPress will then import each of the posts, pages, comments, categories, etc. -->
	<!--    contained in this file into your site. -->

	<!-- generator="WordPress/5.8.2" created="2021-12-17 15:37" -->
<rss version="2.0"
	xmlns:excerpt="http://wordpress.org/export/1.2/excerpt/"
	xmlns:content="http://purl.org/rss/1.0/modules/content/"
	xmlns:wfw="http://wellformedweb.org/CommentAPI/"
	xmlns:dc="http://purl.org/dc/elements/1.1/"
	xmlns:wp="http://wordpress.org/export/1.2/"
>

<channel>
	<title>Elementor 2.0 WoodMart dummy</title>
	<link>http://dummy.xtemos.com/woodmart2/elementor</link>
	<description>Just another WoodMart Dummy 2.0 Sites site</description>
	<pubDate>Fri, 17 Dec 2021 15:37:34 +0000</pubDate>
	<language>en-US</language>
	<wp:wxr_version>1.2</wp:wxr_version>
	<wp:base_site_url>http://dummy.xtemos.com/woodmart2/</wp:base_site_url>
	<wp:base_blog_url>http://dummy.xtemos.com/woodmart2/elementor</wp:base_blog_url>

		<wp:author><wp:author_id>2</wp:author_id><wp:author_login><![CDATA[zakhar]]></wp:author_login><wp:author_email><![CDATA[zak@asda.as]]></wp:author_email><wp:author_display_name><![CDATA[Mr. Mackay]]></wp:author_display_name><wp:author_first_name><![CDATA[sds]]></wp:author_first_name><wp:author_last_name><![CDATA[scssc]]></wp:author_last_name></wp:author>

					<wp:term>
			<wp:term_id>0</wp:term_id>
			<wp:term_taxonomy><![CDATA[]]></wp:term_taxonomy>
			<wp:term_slug><![CDATA[]]></wp:term_slug>
			<wp:term_parent><![CDATA[]]></wp:term_parent>
					</wp:term>
		
	<generator>https://wordpress.org/?v=5.8.2</generator>

					<item>
					<title><![CDATA[titles-elements-bg]]></title>
					<link>http://dummy.xtemos.com/woodmart2/elementor/infobox/titles-elements-bg/</link>
					<pubDate>Fri, 05 Nov 2021 09:56:50 +0000</pubDate>
					<dc:creator><![CDATA[zakhar]]></dc:creator>
					<guid isPermaLink="false">http://dummy.xtemos.com/woodmart2/elementor/wp-content/uploads/sites/2/2021/11/titles-elements-bg.jpg</guid>
															<wp:post_id>9018</wp:post_id>
					<wp:post_date><![CDATA[2021-11-05 09:56:50]]></wp:post_date>
					<wp:post_date_gmt><![CDATA[2021-11-05 09:56:50]]></wp:post_date_gmt>
					<wp:post_modified><![CDATA[2021-11-05 09:56:50]]></wp:post_modified>
					<wp:post_modified_gmt><![CDATA[2021-11-05 09:56:50]]></wp:post_modified_gmt>
					<wp:comment_status><![CDATA[open]]></wp:comment_status>
					<wp:post_name><![CDATA[titles-elements-bg]]></wp:post_name>
					<wp:status><![CDATA[inherit]]></wp:status>
					<wp:post_parent>8987</wp:post_parent>
					<wp:menu_order>0</wp:menu_order>
					<wp:post_type><![CDATA[attachment]]></wp:post_type>
											<wp:attachment_url><![CDATA[http://dummy.xtemos.com/woodmart2/elementor/wp-content/uploads/sites/2/2021/11/titles-elements-bg.jpg]]></wp:attachment_url>
																					<wp:postmeta>
							<wp:meta_key><![CDATA[_wp_attached_file]]></wp:meta_key>
							<wp:meta_value><![CDATA[2021/11/titles-elements-bg.jpg]]></wp:meta_value>
						</wp:postmeta>
										</item>
								<item>
					<title><![CDATA[testimonials-elements-bg]]></title>
					<link>http://dummy.xtemos.com/woodmart2/elementor/testimonials/testimonials-elements-bg/</link>
					<pubDate>Tue, 16 Nov 2021 12:36:58 +0000</pubDate>
					<dc:creator><![CDATA[zakhar]]></dc:creator>
					<guid isPermaLink="false">http://dummy.xtemos.com/woodmart2/elementor/wp-content/uploads/sites/2/2021/11/testimonials-elements-bg.jpg</guid>
															<wp:post_id>10532</wp:post_id>
					<wp:post_date><![CDATA[2021-11-16 12:36:58]]></wp:post_date>
					<wp:post_date_gmt><![CDATA[2021-11-16 12:36:58]]></wp:post_date_gmt>
					<wp:post_modified><![CDATA[2021-11-16 12:36:58]]></wp:post_modified>
					<wp:post_modified_gmt><![CDATA[2021-11-16 12:36:58]]></wp:post_modified_gmt>
					<wp:comment_status><![CDATA[open]]></wp:comment_status>
					<wp:post_name><![CDATA[testimonials-elements-bg]]></wp:post_name>
					<wp:status><![CDATA[inherit]]></wp:status>
					<wp:post_parent>10524</wp:post_parent>
					<wp:menu_order>0</wp:menu_order>
					<wp:post_type><![CDATA[attachment]]></wp:post_type>
											<wp:attachment_url><![CDATA[http://dummy.xtemos.com/woodmart2/elementor/wp-content/uploads/sites/2/2021/11/testimonials-elements-bg.jpg]]></wp:attachment_url>
																					<wp:postmeta>
							<wp:meta_key><![CDATA[_wp_attached_file]]></wp:meta_key>
							<wp:meta_value><![CDATA[2021/11/testimonials-elements-bg.jpg]]></wp:meta_value>
						</wp:postmeta>
										</item>
								<item>
					<title><![CDATA[Product filters]]></title>
					<link>http://dummy.xtemos.com/woodmart2/elementor/product-filters/</link>
					<pubDate>Tue, 16 Nov 2021 16:40:22 +0000</pubDate>
					<dc:creator><![CDATA[zakhar]]></dc:creator>
					<guid isPermaLink="false">http://dummy.xtemos.com/woodmart2/elementor/?page_id=10895</guid>
											<content:encoded><![CDATA[XTEMOS ELEMENTS				
				<h4>PRODUCT FILTERS ELEMENT</h4> 
					<form action="http://dummy.xtemos.com/woodmart2/elementor/shop/" method="GET">
					Categories				
				<ul></ul>
				<ul>
						<li><a href="http://dummy.xtemos.com/woodmart2/elementor/product-category/accessories/" data-val="accessories" data-title="Accessories" >Accessories</a>
</li>
	<li><a href="http://dummy.xtemos.com/woodmart2/elementor/product-category/clocks/" data-val="clocks" data-title="Clocks" >Clocks</a>
</li>
	<li><a href="http://dummy.xtemos.com/woodmart2/elementor/product-category/cooking/" data-val="cooking" data-title="Cooking" >Cooking</a>
</li>
	<li><a href="http://dummy.xtemos.com/woodmart2/elementor/product-category/furniture/" data-val="furniture" data-title="Furniture" >Furniture</a>
</li>
	<li><a href="http://dummy.xtemos.com/woodmart2/elementor/product-category/lighting/" data-val="lighting" data-title="Lighting" >Lighting</a>
</li>
	<li><a href="http://dummy.xtemos.com/woodmart2/elementor/product-category/toys/" data-val="toys" data-title="Toys" >Toys</a>
</li>
	<li><a href="http://dummy.xtemos.com/woodmart2/elementor/product-category/uncategorized/" data-val="uncategorized" data-title="Uncategorized" >Uncategorized</a>
</li>
				</ul>
																		<input name="filter_color" type="hidden" value="">Color<ul></ul><ul><li>BeigeBeige</li><li>BlackBlack</li><li>BlueBlue</li><li>BrownBrown</li><li>YellowYellow</li></ul>																<input name="filter_size" type="hidden" value="">Size<ul></ul><ul><li>L</li><li>M</li><li>S</li><li>XS</li></ul>																		
					Price				
				<ul></ul>
						<input type="hidden" name="min_price" value="89" data-min="89">
						<input type="hidden" name="max_price" value="599" data-max="599">
				<button type="submit">
					Filter				</button>
		</form>
				<h4>FILTER BY CATEGORY</h4> 
					<form action="http://dummy.xtemos.com/woodmart2/elementor/shop/" method="GET">
					Categories				
				<ul></ul>
				<ul>
						<li><a href="http://dummy.xtemos.com/woodmart2/elementor/product-category/accessories/" data-val="accessories" data-title="Accessories" >Accessories</a>
</li>
	<li><a href="http://dummy.xtemos.com/woodmart2/elementor/product-category/clocks/" data-val="clocks" data-title="Clocks" >Clocks</a>
</li>
	<li><a href="http://dummy.xtemos.com/woodmart2/elementor/product-category/cooking/" data-val="cooking" data-title="Cooking" >Cooking</a>
</li>
	<li><a href="http://dummy.xtemos.com/woodmart2/elementor/product-category/furniture/" data-val="furniture" data-title="Furniture" >Furniture</a>
</li>
	<li><a href="http://dummy.xtemos.com/woodmart2/elementor/product-category/lighting/" data-val="lighting" data-title="Lighting" >Lighting</a>
</li>
	<li><a href="http://dummy.xtemos.com/woodmart2/elementor/product-category/toys/" data-val="toys" data-title="Toys" >Toys</a>
</li>
	<li><a href="http://dummy.xtemos.com/woodmart2/elementor/product-category/uncategorized/" data-val="uncategorized" data-title="Uncategorized" >Uncategorized</a>
</li>
				</ul>
				<button type="submit">
					Filter				</button>
		</form>
				<h4>FILTER BY ATTRIBUTE</h4> 
					<form action="http://dummy.xtemos.com/woodmart2/elementor/shop/" method="GET">
												<input name="filter_brand" type="hidden" value="">Brand<ul></ul><ul><li>AlessiAlessi</li><li>Eva SoloEva Solo</li><li>HayHay</li><li>Joseph JosephJoseph Joseph</li><li>KLÖBERKLÖBER</li><li>Louis PoulsenLouis Poulsen</li><li>MagissoMagisso</li><li>VitraVitra</li></ul>							
				<button type="submit">
					Filter				</button>
		</form>
				<h4>FILTER BY PRICE</h4> 
					<form action="http://dummy.xtemos.com/woodmart2/elementor/shop/" method="GET">
					Price				
				<ul></ul>
						<input type="hidden" name="min_price" value="89" data-min="89">
						<input type="hidden" name="max_price" value="599" data-max="599">
				<button type="submit">
					Filter				</button>
		</form>
					XTEMOS ELEMENTS				
				<h4>PRODUCT FILTERS WITH CUSTOM BACKGROUND</h4> 
					<form action="http://dummy.xtemos.com/woodmart2/elementor/shop/" method="GET">
					Categories				
				<ul></ul>
				<ul>
						<li><a href="http://dummy.xtemos.com/woodmart2/elementor/product-category/accessories/" data-val="accessories" data-title="Accessories" >Accessories</a>
</li>
	<li><a href="http://dummy.xtemos.com/woodmart2/elementor/product-category/clocks/" data-val="clocks" data-title="Clocks" >Clocks</a>
</li>
	<li><a href="http://dummy.xtemos.com/woodmart2/elementor/product-category/cooking/" data-val="cooking" data-title="Cooking" >Cooking</a>
</li>
	<li><a href="http://dummy.xtemos.com/woodmart2/elementor/product-category/furniture/" data-val="furniture" data-title="Furniture" >Furniture</a>
</li>
	<li><a href="http://dummy.xtemos.com/woodmart2/elementor/product-category/lighting/" data-val="lighting" data-title="Lighting" >Lighting</a>
</li>
	<li><a href="http://dummy.xtemos.com/woodmart2/elementor/product-category/toys/" data-val="toys" data-title="Toys" >Toys</a>
</li>
	<li><a href="http://dummy.xtemos.com/woodmart2/elementor/product-category/uncategorized/" data-val="uncategorized" data-title="Uncategorized" >Uncategorized</a>
</li>
				</ul>
																		<input name="filter_color" type="hidden" value="">Color<ul></ul><ul><li>BeigeBeige</li><li>BlackBlack</li><li>BlueBlue</li><li>BrownBrown</li><li>YellowYellow</li></ul>																<input name="filter_size" type="hidden" value="">Size<ul></ul><ul><li>L</li><li>M</li><li>S</li><li>XS</li></ul>																		
					Price				
				<ul></ul>
						<input type="hidden" name="min_price" value="89" data-min="89">
						<input type="hidden" name="max_price" value="599" data-max="599">
				<button type="submit">
					Filter				</button>
		</form>
					XTEMOS ELEMENTS				
				<h4>PRODUCT FILTERS COLOR SCHEME LIGHT</h4> 
					<form action="http://dummy.xtemos.com/woodmart2/elementor/shop/" method="GET">
					Categories				
				<ul></ul>
				<ul>
						<li><a href="http://dummy.xtemos.com/woodmart2/elementor/product-category/accessories/" data-val="accessories" data-title="Accessories" >Accessories</a>
</li>
	<li><a href="http://dummy.xtemos.com/woodmart2/elementor/product-category/clocks/" data-val="clocks" data-title="Clocks" >Clocks</a>
</li>
	<li><a href="http://dummy.xtemos.com/woodmart2/elementor/product-category/cooking/" data-val="cooking" data-title="Cooking" >Cooking</a>
</li>
	<li><a href="http://dummy.xtemos.com/woodmart2/elementor/product-category/furniture/" data-val="furniture" data-title="Furniture" >Furniture</a>
</li>
	<li><a href="http://dummy.xtemos.com/woodmart2/elementor/product-category/lighting/" data-val="lighting" data-title="Lighting" >Lighting</a>
</li>
	<li><a href="http://dummy.xtemos.com/woodmart2/elementor/product-category/toys/" data-val="toys" data-title="Toys" >Toys</a>
</li>
	<li><a href="http://dummy.xtemos.com/woodmart2/elementor/product-category/uncategorized/" data-val="uncategorized" data-title="Uncategorized" >Uncategorized</a>
</li>
				</ul>
																		<input name="filter_color" type="hidden" value="">Color<ul></ul><ul><li>BeigeBeige</li><li>BlackBlack</li><li>BlueBlue</li><li>BrownBrown</li><li>YellowYellow</li></ul>																<input name="filter_size" type="hidden" value="">Size<ul></ul><ul><li>L</li><li>M</li><li>S</li><li>XS</li></ul>																		
					Price				
				<ul></ul>
						<input type="hidden" name="min_price" value="89" data-min="89">
						<input type="hidden" name="max_price" value="599" data-max="599">
				<button type="submit">
					Filter				</button>
		</form>]]></content:encoded>
															<wp:post_id>10895</wp:post_id>
					<wp:post_date><![CDATA[2021-11-16 16:40:22]]></wp:post_date>
					<wp:post_date_gmt><![CDATA[2021-11-16 16:40:22]]></wp:post_date_gmt>
					<wp:post_modified><![CDATA[2021-12-17 15:36:32]]></wp:post_modified>
					<wp:post_modified_gmt><![CDATA[2021-12-17 15:36:32]]></wp:post_modified_gmt>
					<wp:comment_status><![CDATA[closed]]></wp:comment_status>
					<wp:post_name><![CDATA[product-filters]]></wp:post_name>
					<wp:status><![CDATA[publish]]></wp:status>
					<wp:post_parent>0</wp:post_parent>
					<wp:menu_order>0</wp:menu_order>
					<wp:post_type><![CDATA[page]]></wp:post_type>
																					<wp:postmeta>
							<wp:meta_key><![CDATA[_woodmart_whb_header]]></wp:meta_key>
							<wp:meta_value><![CDATA[none]]></wp:meta_value>
						</wp:postmeta>
												<wp:postmeta>
							<wp:meta_key><![CDATA[_woodmart_title_image]]></wp:meta_key>
							<wp:meta_value><![CDATA[a:2:{s:3:"url";s:0:"";s:2:"id";s:0:"";}]]></wp:meta_value>
						</wp:postmeta>
												<wp:postmeta>
							<wp:meta_key><![CDATA[_woodmart_page-title-size]]></wp:meta_key>
							<wp:meta_value><![CDATA[inherit]]></wp:meta_value>
						</wp:postmeta>
												<wp:postmeta>
							<wp:meta_key><![CDATA[_woodmart_main_layout]]></wp:meta_key>
							<wp:meta_value><![CDATA[full-width]]></wp:meta_value>
						</wp:postmeta>
												<wp:postmeta>
							<wp:meta_key><![CDATA[_elementor_edit_mode]]></wp:meta_key>
							<wp:meta_value><![CDATA[builder]]></wp:meta_value>
						</wp:postmeta>
												<wp:postmeta>
							<wp:meta_key><![CDATA[_elementor_template_type]]></wp:meta_key>
							<wp:meta_value><![CDATA[wp-page]]></wp:meta_value>
						</wp:postmeta>
												<wp:postmeta>
							<wp:meta_key><![CDATA[_elementor_version]]></wp:meta_key>
							<wp:meta_value><![CDATA[3.4.3]]></wp:meta_value>
						</wp:postmeta>
												<wp:postmeta>
							<wp:meta_key><![CDATA[_wp_page_template]]></wp:meta_key>
							<wp:meta_value><![CDATA[default]]></wp:meta_value>
						</wp:postmeta>
												<wp:postmeta>
							<wp:meta_key><![CDATA[_elementor_data]]></wp:meta_key>
							<wp:meta_value><![CDATA[[{"id":"6d63d21e","elType":"section","settings":{"margin":{"top":"0","left":"0","right":"0","bottom":"30","unit":"px","isLinked":""}},"elements":[{"id":"1eb7757b","elType":"column","settings":{"_column_size":"100","column_sticky_offset":"50","scroll_y":"-80"},"elements":[{"id":"a63a06d","elType":"widget","settings":{"subtitle":"XTEMOS ELEMENTS","after_title":"","image_size":"custom","style":"bordered","color":"primary","title":"PRODUCT FILTERS ELEMENT","scroll_y":"-80"},"elements":[],"widgetType":"wd_title"},{"id":"37a96e7","elType":"widget","settings":{"items":[{"_id":"77e9ec5","categories_title":"Categories","attributes_title":"Filter by","stock_title":"Stock status","price_title":"Filter by price"},{"filter_type":"attributes","_id":"e46f214","categories_title":"Categories","attributes_title":"Color","attribute":"color","stock_title":"Stock status","price_title":"Filter by price"},{"filter_type":"attributes","_id":"e1c16ae","categories_title":"Categories","attributes_title":"Size","attribute":"size","stock_title":"Stock status","price_title":"Filter by price"},{"filter_type":"price","_id":"d57499a","categories_title":"Categories","attributes_title":"Filter by","stock_title":"Stock status","price_title":"Price"}],"scroll_y":-80},"elements":[],"widgetType":"wd_product_filters"}],"isInner":""}],"isInner":""},{"id":"b21018b","elType":"section","settings":{"gap":"extended","structure":"30","margin":{"unit":"px","top":"0","right":"0","bottom":"50","left":"0","isLinked":false}},"elements":[{"id":"90e7c3a","elType":"column","settings":{"_column_size":33,"_inline_size":null,"column_sticky_offset":50,"scroll_y":-80},"elements":[{"id":"538addd","elType":"widget","settings":{"subtitle":"","title":"FILTER BY CATEGORY","after_title":"","scroll_y":-80},"elements":[],"widgetType":"wd_title"},{"id":"850caa1","elType":"widget","settings":{"items":[{"_id":"77e9ec5","categories_title":"Categories","attributes_title":"Filter by","stock_title":"Stock status","price_title":"Filter by price"}],"scroll_y":-80},"elements":[],"widgetType":"wd_product_filters"}],"isInner":false},{"id":"880eb95","elType":"column","settings":{"_column_size":33,"_inline_size":null,"column_sticky_offset":50,"scroll_y":-80},"elements":[{"id":"689392a","elType":"widget","settings":{"subtitle":"","title":"FILTER BY ATTRIBUTE","after_title":"","scroll_y":-80},"elements":[],"widgetType":"wd_title"},{"id":"8bd0edb","elType":"widget","settings":{"items":[{"filter_type":"attributes","_id":"77e9ec5","categories_title":"Brand","attributes_title":"Brand","attribute":"brand","stock_title":"Stock status","price_title":"Filter by price"}],"scroll_y":-80},"elements":[],"widgetType":"wd_product_filters"}],"isInner":false},{"id":"a687297","elType":"column","settings":{"_column_size":33,"_inline_size":null,"column_sticky_offset":50,"scroll_y":-80},"elements":[{"id":"6840f87","elType":"widget","settings":{"subtitle":"","title":"FILTER BY PRICE","after_title":"","scroll_y":-80},"elements":[],"widgetType":"wd_title"},{"id":"01d99a1","elType":"widget","settings":{"items":[{"filter_type":"price","_id":"d57499a","categories_title":"Categories","attributes_title":"Filter by","stock_title":"Stock status","price_title":"Price"}],"scroll_y":-80},"elements":[],"widgetType":"wd_product_filters"}],"isInner":false}],"isInner":false},{"id":"dc49c5b","elType":"section","settings":{"margin":{"top":"0","left":"0","right":"0","bottom":"80","unit":"px","isLinked":""},"background_image":{"url":"http:\/\/dummy.xtemos.com\/woodmart2\/elementor\/wp-content\/uploads\/sites\/2\/2021\/11\/titles-elements-bg.jpg","id":9018,"alt":"","source":"library"},"wd_section_stretch":"stretch","background_background":"classic","background_position":"center center","background_repeat":"no-repeat","background_size":"cover","background_overlay_background":"gradient","background_overlay_color":"#00000081","background_overlay_color_b":"#00000081","background_overlay_gradient_angle":{"unit":"deg","size":90,"sizes":[]},"background_overlay_opacity":{"unit":"px","size":1,"sizes":[]},"margin_tablet":{"unit":"px","top":"0","right":"0","bottom":"60","left":"0","isLinked":false},"padding":{"unit":"px","top":"60","right":"15","bottom":"70","left":"15","isLinked":false}},"elements":[{"id":"34f21e4","elType":"column","settings":{"_column_size":"100","column_sticky_offset":"50","scroll_y":"-80","wd_color_scheme":"light"},"elements":[{"id":"b853e2a","elType":"widget","settings":{"subtitle":"XTEMOS ELEMENTS","after_title":"","image_size":"custom","style":"bordered","color":"primary","title":"PRODUCT FILTERS WITH CUSTOM BACKGROUND","scroll_y":"-80","_margin":{"unit":"px","top":"0","right":"0","bottom":"15","left":"0","isLinked":false}},"elements":[],"widgetType":"wd_title"},{"id":"b42ad07","elType":"widget","settings":{"items":[{"_id":"77e9ec5","categories_title":"Categories","attributes_title":"Filter by","stock_title":"Stock status","price_title":"Filter by price"},{"filter_type":"attributes","_id":"e46f214","categories_title":"Categories","attributes_title":"Color","attribute":"color","stock_title":"Stock status","price_title":"Filter by price"},{"filter_type":"attributes","_id":"e1c16ae","categories_title":"Categories","attributes_title":"Size","attribute":"size","stock_title":"Stock status","price_title":"Filter by price"},{"filter_type":"price","_id":"d57499a","categories_title":"Categories","attributes_title":"Filter by","stock_title":"Stock status","price_title":"Price"}],"woodmart_color_scheme":"dark","_padding":{"unit":"px","top":"20","right":"15","bottom":"10","left":"15","isLinked":false},"scroll_y":-80,"_background_background":"classic","_background_color":"#FFFFFF"},"elements":[],"widgetType":"wd_product_filters"}],"isInner":""}],"isInner":""},{"id":"4901141","elType":"section","settings":{"margin":{"top":"0","left":"0","right":"0","bottom":"-40","unit":"px","isLinked":false},"background_image":{"url":"http:\/\/dummy.xtemos.com\/woodmart2\/elementor\/wp-content\/uploads\/sites\/2\/2021\/11\/testimonials-elements-bg.jpg","id":10532,"alt":"","source":"library"},"wd_section_stretch":"stretch","background_background":"classic","background_position":"center center","background_repeat":"no-repeat","background_size":"cover","background_overlay_background":"gradient","background_overlay_color":"#00000081","background_overlay_color_b":"#00000081","background_overlay_gradient_angle":{"unit":"deg","size":90,"sizes":[]},"background_overlay_opacity":{"unit":"px","size":1,"sizes":[]},"padding":{"unit":"px","top":"60","right":"15","bottom":"70","left":"15","isLinked":false}},"elements":[{"id":"60c3993","elType":"column","settings":{"_column_size":"100","column_sticky_offset":"50","scroll_y":"-80","wd_color_scheme":"light"},"elements":[{"id":"dce409e","elType":"widget","settings":{"subtitle":"XTEMOS ELEMENTS","after_title":"","image_size":"custom","style":"bordered","color":"primary","title":"PRODUCT FILTERS COLOR SCHEME LIGHT","scroll_y":"-80","_margin":{"unit":"px","top":"0","right":"0","bottom":"15","left":"0","isLinked":false}},"elements":[],"widgetType":"wd_title"},{"id":"05d0d17","elType":"widget","settings":{"items":[{"_id":"77e9ec5","categories_title":"Categories","attributes_title":"Filter by","stock_title":"Stock status","price_title":"Filter by price"},{"filter_type":"attributes","_id":"e46f214","categories_title":"Categories","attributes_title":"Color","attribute":"color","stock_title":"Stock status","price_title":"Filter by price"},{"filter_type":"attributes","_id":"e1c16ae","categories_title":"Categories","attributes_title":"Size","attribute":"size","stock_title":"Stock status","price_title":"Filter by price"},{"filter_type":"price","_id":"d57499a","categories_title":"Categories","attributes_title":"Filter by","stock_title":"Stock status","price_title":"Price"}],"woodmart_color_scheme":"light","scroll_y":-80},"elements":[],"widgetType":"wd_product_filters"}],"isInner":""}],"isInner":""}]]]></wp:meta_value>
						</wp:postmeta>
												<wp:postmeta>
							<wp:meta_key><![CDATA[_elementor_page_assets]]></wp:meta_key>
							<wp:meta_value><![CDATA[a:0:{}]]></wp:meta_value>
						</wp:postmeta>
												<wp:postmeta>
							<wp:meta_key><![CDATA[_elementor_controls_usage]]></wp:meta_key>
							<wp:meta_value><![CDATA[a:4:{s:8:"wd_title";a:3:{s:5:"count";i:6;s:15:"control_percent";i:3;s:8:"controls";a:3:{s:7:"content";a:1:{s:23:"general_content_section";a:3:{s:8:"subtitle";i:6;s:11:"after_title";i:6;s:5:"title";i:6;}}s:5:"style";a:2:{s:19:"title_style_section";a:1:{s:10:"image_size";i:3;}s:21:"general_style_section";a:2:{s:5:"style";i:3;s:5:"color";i:3;}}s:8:"advanced";a:2:{s:8:"wd_extra";a:1:{s:8:"scroll_y";i:3;}s:14:"_section_style";a:1:{s:7:"_margin";i:2;}}}}s:18:"wd_product_filters";a:3:{s:5:"count";i:6;s:15:"control_percent";i:1;s:8:"controls";a:3:{s:7:"content";a:1:{s:23:"general_content_section";a:1:{s:5:"items";i:6;}}s:5:"style";a:1:{s:21:"general_style_section";a:1:{s:21:"woodmart_color_scheme";i:2;}}s:8:"advanced";a:2:{s:14:"_section_style";a:1:{s:8:"_padding";i:1;}s:19:"_section_background";a:2:{s:22:"_background_background";i:1;s:17:"_background_color";i:1;}}}}s:6:"column";a:3:{s:5:"count";i:6;s:15:"control_percent";i:1;s:8:"controls";a:3:{s:8:"advanced";a:1:{s:8:"wd_extra";a:2:{s:20:"column_sticky_offset";i:3;s:8:"scroll_y";i:3;}}s:6:"layout";a:1:{s:6:"layout";a:1:{s:12:"_inline_size";i:3;}}s:5:"style";a:1:{s:14:"wd_extra_style";a:1:{s:15:"wd_color_scheme";i:2;}}}}s:7:"section";a:3:{s:5:"count";i:4;s:15:"control_percent";i:5;s:8:"controls";a:3:{s:8:"advanced";a:1:{s:16:"section_advanced";a:2:{s:6:"margin";i:4;s:7:"padding";i:2;}}s:6:"layout";a:3:{s:14:"section_layout";a:1:{s:3:"gap";i:1;}s:17:"section_structure";a:1:{s:9:"structure";i:1;}s:15:"wd_extra_layout";a:1:{s:18:"wd_section_stretch";i:2;}}s:5:"style";a:2:{s:18:"section_background";a:5:{s:16:"background_image";i:2;s:21:"background_background";i:2;s:19:"background_position";i:2;s:17:"background_repeat";i:2;s:15:"background_size";i:2;}s:26:"section_background_overlay";a:5:{s:29:"background_overlay_background";i:2;s:24:"background_overlay_color";i:2;s:26:"background_overlay_color_b";i:2;s:33:"background_overlay_gradient_angle";i:2;s:26:"background_overlay_opacity";i:2;}}}}}]]></wp:meta_value>
						</wp:postmeta>
										</item>
				</channel>
</rss>
	