<?xml version="1.0" encoding="UTF-8" ?>
	<!-- This is a WordPress eXtended RSS file generated by WordPress as an export of your site. -->
	<!-- It contains information about your site's posts, pages, comments, categories, and other content. -->
	<!-- You may use this file to transfer that content from one site to another. -->
	<!-- This file is not intended to serve as a complete backup of your site. -->

	<!-- To import this information into a WordPress site follow these steps: -->
	<!-- 1. Log in to that site as an administrator. -->
	<!-- 2. Go to Tools: Import in the WordPress admin panel. -->
	<!-- 3. Install the "WordPress" importer from the list. -->
	<!-- 4. Activate & Run Importer. -->
	<!-- 5. Upload this file using the form provided on that page. -->
	<!-- 6. You will first be asked to map the authors in this export file to users -->
	<!--    on the site. For each author, you may choose to map to an -->
	<!--    existing user on the site or to create a new user. -->
	<!-- 7. WordPress will then import each of the posts, pages, comments, categories, etc. -->
	<!--    contained in this file into your site. -->

	<!-- generator="WordPress/5.8.2" created="2021-11-14 11:04" -->
<rss version="2.0"
	xmlns:excerpt="http://wordpress.org/export/1.2/excerpt/"
	xmlns:content="http://purl.org/rss/1.0/modules/content/"
	xmlns:wfw="http://wellformedweb.org/CommentAPI/"
	xmlns:dc="http://purl.org/dc/elements/1.1/"
	xmlns:wp="http://wordpress.org/export/1.2/"
>

<channel>
	<title>admin</title>
	<link>http://dummy.xtemos.com/woodmart2</link>
	<description>Just another WordPress site</description>
	<pubDate>Sun, 14 Nov 2021 11:04:03 +0000</pubDate>
	<language>en-US</language>
	<wp:wxr_version>1.2</wp:wxr_version>
	<wp:base_site_url>http://dummy.xtemos.com/woodmart2/</wp:base_site_url>
	<wp:base_blog_url>http://dummy.xtemos.com/woodmart2</wp:base_blog_url>

		<wp:author><wp:author_id>2</wp:author_id><wp:author_login><![CDATA[zakhar]]></wp:author_login><wp:author_email><![CDATA[zak@asda.as]]></wp:author_email><wp:author_display_name><![CDATA[Mr. Mackay]]></wp:author_display_name><wp:author_first_name><![CDATA[sds]]></wp:author_first_name><wp:author_last_name><![CDATA[scssc]]></wp:author_last_name></wp:author>

					<wp:term>
			<wp:term_id>0</wp:term_id>
			<wp:term_taxonomy><![CDATA[]]></wp:term_taxonomy>
			<wp:term_slug><![CDATA[]]></wp:term_slug>
			<wp:term_parent><![CDATA[]]></wp:term_parent>
					</wp:term>
		
	<generator>https://wordpress.org/?v=5.8.2</generator>

					<item>
					<title><![CDATA[titles-elements-bg]]></title>
					<link>http://dummy.xtemos.com/woodmart2/infobox/titles-elements-bg/</link>
					<pubDate>Tue, 02 Nov 2021 12:32:13 +0000</pubDate>
					<dc:creator><![CDATA[zakhar]]></dc:creator>
					<guid isPermaLink="false">http://dummy.xtemos.com/woodmart2/wp-content/uploads/2021/11/titles-elements-bg.jpg</guid>
															<wp:post_id>7220</wp:post_id>
					<wp:post_date><![CDATA[2021-11-02 12:32:13]]></wp:post_date>
					<wp:post_date_gmt><![CDATA[2021-11-02 12:32:13]]></wp:post_date_gmt>
					<wp:post_modified><![CDATA[2021-11-02 12:32:13]]></wp:post_modified>
					<wp:post_modified_gmt><![CDATA[2021-11-02 12:32:13]]></wp:post_modified_gmt>
					<wp:comment_status><![CDATA[open]]></wp:comment_status>
					<wp:post_name><![CDATA[titles-elements-bg]]></wp:post_name>
					<wp:status><![CDATA[inherit]]></wp:status>
					<wp:post_parent>7195</wp:post_parent>
					<wp:menu_order>0</wp:menu_order>
					<wp:post_type><![CDATA[attachment]]></wp:post_type>
											<wp:attachment_url><![CDATA[http://dummy.xtemos.com/woodmart2/wp-content/uploads/2021/11/titles-elements-bg.jpg]]></wp:attachment_url>
																					<wp:postmeta>
							<wp:meta_key><![CDATA[_wp_attached_file]]></wp:meta_key>
							<wp:meta_value><![CDATA[2021/11/titles-elements-bg.jpg]]></wp:meta_value>
						</wp:postmeta>
										</item>
								<item>
					<title><![CDATA[testimonials-elements-bg]]></title>
					<link>http://dummy.xtemos.com/woodmart2/testimonials/testimonials-elements-bg/</link>
					<pubDate>Thu, 11 Nov 2021 18:11:27 +0000</pubDate>
					<dc:creator><![CDATA[zakhar]]></dc:creator>
					<guid isPermaLink="false">http://dummy.xtemos.com/woodmart2/wp-content/uploads/2021/11/testimonials-elements-bg.jpg</guid>
															<wp:post_id>7671</wp:post_id>
					<wp:post_date><![CDATA[2021-11-11 18:11:27]]></wp:post_date>
					<wp:post_date_gmt><![CDATA[2021-11-11 18:11:27]]></wp:post_date_gmt>
					<wp:post_modified><![CDATA[2021-11-11 18:11:27]]></wp:post_modified>
					<wp:post_modified_gmt><![CDATA[2021-11-11 18:11:27]]></wp:post_modified_gmt>
					<wp:comment_status><![CDATA[open]]></wp:comment_status>
					<wp:post_name><![CDATA[testimonials-elements-bg]]></wp:post_name>
					<wp:status><![CDATA[inherit]]></wp:status>
					<wp:post_parent>7666</wp:post_parent>
					<wp:menu_order>0</wp:menu_order>
					<wp:post_type><![CDATA[attachment]]></wp:post_type>
											<wp:attachment_url><![CDATA[http://dummy.xtemos.com/woodmart2/wp-content/uploads/2021/11/testimonials-elements-bg.jpg]]></wp:attachment_url>
																					<wp:postmeta>
							<wp:meta_key><![CDATA[_wp_attached_file]]></wp:meta_key>
							<wp:meta_value><![CDATA[2021/11/testimonials-elements-bg.jpg]]></wp:meta_value>
						</wp:postmeta>
										</item>
								<item>
					<title><![CDATA[Product filters]]></title>
					<link>http://dummy.xtemos.com/woodmart2/product-filters/</link>
					<pubDate>Sun, 14 Nov 2021 10:51:32 +0000</pubDate>
					<dc:creator><![CDATA[zakhar]]></dc:creator>
					<guid isPermaLink="false">http://dummy.xtemos.com/woodmart2/?page_id=7956</guid>
											<content:encoded><![CDATA[<p>[vc_row css=".vc_custom_1636887744788{margin-bottom: 60px !important;}" woodmart_css_id="6190ecbd663eb" responsive_spacing="eyJwYXJhbV90eXBlIjoid29vZG1hcnRfcmVzcG9uc2l2ZV9zcGFjaW5nIiwic2VsZWN0b3JfaWQiOiI2MTkwZWNiZDY2M2ViIiwic2hvcnRjb2RlIjoidmNfcm93IiwiZGF0YSI6eyJ0YWJsZXQiOnt9LCJtb2JpbGUiOnt9fX0=" mobile_bg_img_hidden="no" tablet_bg_img_hidden="no" woodmart_parallax="0" woodmart_gradient_switch="no" woodmart_box_shadow="no" wd_z_index="no" woodmart_disable_overflow="0" row_reverse_mobile="0" row_reverse_tablet="0"][vc_column][woodmart_title color="primary" style="bordered" title="PRODUCT FILTERS ELEMENT" subtitle="XTEMOS ELEMENT" css=".vc_custom_1636887249674{margin-bottom: 25px !important;}" woodmart_css_id="6190eace0e44d" responsive_spacing="eyJwYXJhbV90eXBlIjoid29vZG1hcnRfcmVzcG9uc2l2ZV9zcGFjaW5nIiwic2VsZWN0b3JfaWQiOiI2MTkwZWFjZTBlNDRkIiwic2hvcnRjb2RlIjoid29vZG1hcnRfdGl0bGUiLCJkYXRhIjp7InRhYmxldCI6e30sIm1vYmlsZSI6e319fQ=="][woodmart_product_filters woodmart_color_scheme="dark" css=".vc_custom_1533211008771{background-color: #ffffff !important;}"][woodmart_filter_categories hierarchical="1" title="Categories"][woodmart_filters_attribute attribute="color" query_type="or" title="Color" categories=""][woodmart_filters_attribute attribute="size" query_type="or" size="large" labels="1" title="Size" categories=""][woodmart_filters_price_slider title="Price"][/woodmart_product_filters][/vc_column][/vc_row][vc_row css=".vc_custom_1636887749625{margin-bottom: 60px !important;}" woodmart_css_id="6190ecc2ef9cd" responsive_spacing="eyJwYXJhbV90eXBlIjoid29vZG1hcnRfcmVzcG9uc2l2ZV9zcGFjaW5nIiwic2VsZWN0b3JfaWQiOiI2MTkwZWNjMmVmOWNkIiwic2hvcnRjb2RlIjoidmNfcm93IiwiZGF0YSI6eyJ0YWJsZXQiOnt9LCJtb2JpbGUiOnt9fX0=" mobile_bg_img_hidden="no" tablet_bg_img_hidden="no" woodmart_parallax="0" woodmart_gradient_switch="no" woodmart_box_shadow="no" wd_z_index="no" woodmart_disable_overflow="0" row_reverse_mobile="0" row_reverse_tablet="0"][vc_column width="1/3"][woodmart_title color="primary" title="FILTER BY CATEGORY" css=".vc_custom_1636887231545{margin-bottom: 25px !important;}" woodmart_css_id="6190eabb9aa29" responsive_spacing="eyJwYXJhbV90eXBlIjoid29vZG1hcnRfcmVzcG9uc2l2ZV9zcGFjaW5nIiwic2VsZWN0b3JfaWQiOiI2MTkwZWFiYjlhYTI5Iiwic2hvcnRjb2RlIjoid29vZG1hcnRfdGl0bGUiLCJkYXRhIjp7InRhYmxldCI6e30sIm1vYmlsZSI6e319fQ=="][woodmart_product_filters woodmart_color_scheme="dark" css=".vc_custom_1533211008771{background-color: #ffffff !important;}"][woodmart_filter_categories hierarchical="1" title="Categories"][/woodmart_product_filters][/vc_column][vc_column width="1/3"][woodmart_title color="primary" title="FILTER BY ATTRIBUTE" css=".vc_custom_1636887237142{margin-bottom: 25px !important;}" woodmart_css_id="6190eac15d495" responsive_spacing="eyJwYXJhbV90eXBlIjoid29vZG1hcnRfcmVzcG9uc2l2ZV9zcGFjaW5nIiwic2VsZWN0b3JfaWQiOiI2MTkwZWFjMTVkNDk1Iiwic2hvcnRjb2RlIjoid29vZG1hcnRfdGl0bGUiLCJkYXRhIjp7InRhYmxldCI6e30sIm1vYmlsZSI6e319fQ=="][woodmart_product_filters woodmart_color_scheme="dark" css=".vc_custom_1533211008771{background-color: #ffffff !important;}"][woodmart_filters_attribute attribute="brand" query_type="or" title="Brand" categories=""][/woodmart_product_filters][/vc_column][vc_column width="1/3"][woodmart_title color="primary" title="FILTER BY PRICE" css=".vc_custom_1636887243045{margin-bottom: 25px !important;}" woodmart_css_id="6190eac73afa6" responsive_spacing="eyJwYXJhbV90eXBlIjoid29vZG1hcnRfcmVzcG9uc2l2ZV9zcGFjaW5nIiwic2VsZWN0b3JfaWQiOiI2MTkwZWFjNzNhZmE2Iiwic2hvcnRjb2RlIjoid29vZG1hcnRfdGl0bGUiLCJkYXRhIjp7InRhYmxldCI6e30sIm1vYmlsZSI6e319fQ=="][woodmart_product_filters woodmart_color_scheme="dark" css=".vc_custom_1533211008771{background-color: #ffffff !important;}"][woodmart_filters_price_slider title="Price"][/woodmart_product_filters][/vc_column][/vc_row][vc_row full_width="stretch_row" woodmart_bg_position="center-center" woodmart_gradient_switch="yes" woodmart_disable_overflow="1" css=".vc_custom_1636887210020{margin-bottom: 80px !important;padding-top: 70px !important;padding-bottom: 80px !important;background-image: url(http://dummy.xtemos.com/woodmart2/wp-content/uploads/2021/11/titles-elements-bg.jpg?id=7220) !important;}" woodmart_color_gradient="rgba(0, 0, 0, 0.47)-0/rgba(0, 0, 0, 0.557)-100/|linear-gradient(left , rgba(0, 0, 0, 0.47) , rgba(0, 0, 0, 0.557) 100%)|linear|left" woodmart_css_id="6190eaa37f165" responsive_spacing="eyJwYXJhbV90eXBlIjoid29vZG1hcnRfcmVzcG9uc2l2ZV9zcGFjaW5nIiwic2VsZWN0b3JfaWQiOiI2MTkwZWFhMzdmMTY1Iiwic2hvcnRjb2RlIjoidmNfcm93IiwiZGF0YSI6eyJ0YWJsZXQiOnt9LCJtb2JpbGUiOnt9fX0=" mobile_bg_img_hidden="no" tablet_bg_img_hidden="no" woodmart_parallax="0" woodmart_box_shadow="no" wd_z_index="no" row_reverse_mobile="0" row_reverse_tablet="0"][vc_column woodmart_color_scheme="light" css=".vc_custom_1533210588709{padding-top: 0px !important;}"][woodmart_title color="primary" style="bordered" title="PRODUCT FILTERS WITH CUSTOM BACKGROUND" subtitle="XTEMOS ELEMENT" css=".vc_custom_1636887224825{margin-bottom: 25px !important;}" woodmart_css_id="6190eab4de475" responsive_spacing="eyJwYXJhbV90eXBlIjoid29vZG1hcnRfcmVzcG9uc2l2ZV9zcGFjaW5nIiwic2VsZWN0b3JfaWQiOiI2MTkwZWFiNGRlNDc1Iiwic2hvcnRjb2RlIjoid29vZG1hcnRfdGl0bGUiLCJkYXRhIjp7InRhYmxldCI6e30sIm1vYmlsZSI6e319fQ=="][woodmart_product_filters woodmart_color_scheme="dark" css=".vc_custom_1636887553159{margin-right: 0px !important;margin-left: 0px !important;padding-top: 20px !important;padding-right: 15px !important;padding-bottom: 10px !important;padding-left: 15px !important;background-color: #ffffff !important;}" woodmart_css_id="6190ebfcec12f" responsive_spacing="eyJwYXJhbV90eXBlIjoid29vZG1hcnRfcmVzcG9uc2l2ZV9zcGFjaW5nIiwic2VsZWN0b3JfaWQiOiI2MTkwZWJmY2VjMTJmIiwic2hvcnRjb2RlIjoid29vZG1hcnRfcHJvZHVjdF9maWx0ZXJzIiwiZGF0YSI6eyJ0YWJsZXQiOnt9LCJtb2JpbGUiOnt9fX0="][woodmart_filter_categories hierarchical="1" title="Categories" hide_empty="0" show_categories_ancestors="0"][woodmart_filters_attribute attribute="color" query_type="or" labels="1" title="Color" categories=""][woodmart_filters_attribute attribute="size" query_type="or" labels="1" title="Size" categories=""][woodmart_filters_price_slider title="Price"][/woodmart_product_filters][/vc_column][/vc_row][vc_row full_width="stretch_row" woodmart_bg_position="center-center" woodmart_gradient_switch="yes" woodmart_disable_overflow="1" css=".vc_custom_1636887200965{margin-bottom: -40px !important;padding-top: 70px !important;padding-bottom: 80px !important;background-image: url(http://dummy.xtemos.com/woodmart2/wp-content/uploads/2021/11/testimonials-elements-bg.jpg?id=7671) !important;background-position: center !important;background-repeat: no-repeat !important;background-size: cover !important;}" woodmart_color_gradient="rgba(0, 0, 0, 0.506)-0/rgba(0, 0, 0, 0.506)-100/|linear-gradient(left , rgba(0, 0, 0, 0.506) , rgba(0, 0, 0, 0.506) 100%)|linear|left" woodmart_css_id="6190ea90da8dd" responsive_spacing="eyJwYXJhbV90eXBlIjoid29vZG1hcnRfcmVzcG9uc2l2ZV9zcGFjaW5nIiwic2VsZWN0b3JfaWQiOiI2MTkwZWE5MGRhOGRkIiwic2hvcnRjb2RlIjoidmNfcm93IiwiZGF0YSI6eyJ0YWJsZXQiOnt9LCJtb2JpbGUiOnt9fX0=" mobile_bg_img_hidden="no" tablet_bg_img_hidden="no" woodmart_parallax="0" woodmart_box_shadow="no" wd_z_index="no" row_reverse_mobile="0" row_reverse_tablet="0"][vc_column woodmart_color_scheme="light" css=".vc_custom_1636887635323{padding-top: 0px !important;}" woodmart_css_id="6190ec518b514" parallax_scroll="no" woodmart_sticky_column="false" wd_collapsible_content_switcher="no" mobile_bg_img_hidden="no" tablet_bg_img_hidden="no" woodmart_parallax="0" woodmart_box_shadow="no" mobile_reset_margin="no" tablet_reset_margin="no" wd_z_index="no" responsive_spacing="eyJwYXJhbV90eXBlIjoid29vZG1hcnRfcmVzcG9uc2l2ZV9zcGFjaW5nIiwic2VsZWN0b3JfaWQiOiI2MTkwZWM1MThiNTE0Iiwic2hvcnRjb2RlIjoidmNfY29sdW1uIiwiZGF0YSI6eyJ0YWJsZXQiOnt9LCJtb2JpbGUiOnt9fX0="][woodmart_title color="primary" style="bordered" title="PRODUCT FILTERS COLOR SCHEME LIGHT" subtitle="XTEMOS ELEMENT" css=".vc_custom_1636887218324{margin-bottom: 25px !important;}" woodmart_css_id="6190eaac7d875" responsive_spacing="eyJwYXJhbV90eXBlIjoid29vZG1hcnRfcmVzcG9uc2l2ZV9zcGFjaW5nIiwic2VsZWN0b3JfaWQiOiI2MTkwZWFhYzdkODc1Iiwic2hvcnRjb2RlIjoid29vZG1hcnRfdGl0bGUiLCJkYXRhIjp7InRhYmxldCI6e30sIm1vYmlsZSI6e319fQ=="][woodmart_product_filters woodmart_color_scheme="light" woodmart_css_id="6190ec7d9e36b" responsive_spacing="eyJwYXJhbV90eXBlIjoid29vZG1hcnRfcmVzcG9uc2l2ZV9zcGFjaW5nIiwic2VsZWN0b3JfaWQiOiI2MTkwZWM3ZDllMzZiIiwic2hvcnRjb2RlIjoid29vZG1hcnRfcHJvZHVjdF9maWx0ZXJzIiwiZGF0YSI6eyJ0YWJsZXQiOnt9LCJtb2JpbGUiOnt9fX0="][woodmart_filter_categories hierarchical="1" title="Categories" hide_empty="0" show_categories_ancestors="0"][woodmart_filters_attribute attribute="color" query_type="or" title="Color" categories="" labels="1"][woodmart_filters_attribute attribute="size" query_type="or" size="large" labels="1" title="Size" categories=""][woodmart_filters_price_slider title="Price"][/woodmart_product_filters][/vc_column][/vc_row]</p>
]]></content:encoded>
															<wp:post_id>7956</wp:post_id>
					<wp:post_date><![CDATA[2021-11-14 10:51:32]]></wp:post_date>
					<wp:post_date_gmt><![CDATA[2021-11-14 10:51:32]]></wp:post_date_gmt>
					<wp:post_modified><![CDATA[2021-11-14 11:02:31]]></wp:post_modified>
					<wp:post_modified_gmt><![CDATA[2021-11-14 11:02:31]]></wp:post_modified_gmt>
					<wp:comment_status><![CDATA[closed]]></wp:comment_status>
					<wp:post_name><![CDATA[product-filters]]></wp:post_name>
					<wp:status><![CDATA[publish]]></wp:status>
					<wp:post_parent>0</wp:post_parent>
					<wp:menu_order>0</wp:menu_order>
					<wp:post_type><![CDATA[page]]></wp:post_type>
																					<wp:postmeta>
							<wp:meta_key><![CDATA[_woodmart_whb_header]]></wp:meta_key>
							<wp:meta_value><![CDATA[none]]></wp:meta_value>
						</wp:postmeta>
												<wp:postmeta>
							<wp:meta_key><![CDATA[_woodmart_title_image]]></wp:meta_key>
							<wp:meta_value><![CDATA[a:2:{s:3:"url";s:0:"";s:2:"id";s:0:"";}]]></wp:meta_value>
						</wp:postmeta>
												<wp:postmeta>
							<wp:meta_key><![CDATA[_woodmart_page-title-size]]></wp:meta_key>
							<wp:meta_value><![CDATA[inherit]]></wp:meta_value>
						</wp:postmeta>
												<wp:postmeta>
							<wp:meta_key><![CDATA[_woodmart_main_layout]]></wp:meta_key>
							<wp:meta_value><![CDATA[full-width]]></wp:meta_value>
						</wp:postmeta>
												<wp:postmeta>
							<wp:meta_key><![CDATA[_wp_page_template]]></wp:meta_key>
							<wp:meta_value><![CDATA[default]]></wp:meta_value>
						</wp:postmeta>
												<wp:postmeta>
							<wp:meta_key><![CDATA[_wpb_shortcodes_custom_css]]></wp:meta_key>
							<wp:meta_value><![CDATA[.vc_custom_1636887744788{margin-bottom: 60px !important;}.vc_custom_1636887749625{margin-bottom: 60px !important;}.vc_custom_1636887210020{margin-bottom: 80px !important;padding-top: 70px !important;padding-bottom: 80px !important;background-image: url(http://dummy.xtemos.com/woodmart2/wp-content/uploads/2021/11/titles-elements-bg.jpg?id=7220) !important;}.vc_custom_1636887200965{margin-bottom: -40px !important;padding-top: 70px !important;padding-bottom: 80px !important;background-image: url(http://dummy.xtemos.com/woodmart2/wp-content/uploads/2021/11/testimonials-elements-bg.jpg?id=7671) !important;background-position: center !important;background-repeat: no-repeat !important;background-size: cover !important;}.vc_custom_1636887249674{margin-bottom: 25px !important;}.vc_custom_1533211008771{background-color: #ffffff !important;}.vc_custom_1636887231545{margin-bottom: 25px !important;}.vc_custom_1533211008771{background-color: #ffffff !important;}.vc_custom_1636887237142{margin-bottom: 25px !important;}.vc_custom_1533211008771{background-color: #ffffff !important;}.vc_custom_1636887243045{margin-bottom: 25px !important;}.vc_custom_1533211008771{background-color: #ffffff !important;}.vc_custom_1533210588709{padding-top: 0px !important;}.vc_custom_1636887224825{margin-bottom: 25px !important;}.vc_custom_1636887553159{margin-right: 0px !important;margin-left: 0px !important;padding-top: 20px !important;padding-right: 15px !important;padding-bottom: 10px !important;padding-left: 15px !important;background-color: #ffffff !important;}.vc_custom_1636887635323{padding-top: 0px !important;}.vc_custom_1636887218324{margin-bottom: 25px !important;}]]></wp:meta_value>
						</wp:postmeta>
												<wp:postmeta>
							<wp:meta_key><![CDATA[wd_page_css_files]]></wp:meta_key>
							<wp:meta_value><![CDATA[a:4:{i:0;s:5:"wpcf7";i:1;s:16:"mc4wp-deprecated";i:2;s:5:"mc4wp";i:3;s:17:"revolution-slider";}]]></wp:meta_value>
						</wp:postmeta>
										</item>
				</channel>
</rss>
	