{
    "name": "Header Digitals",
    "id": "header_251579",
    "structure": {
        "id": "root",
        "type": "root",
        "content": [
            {
                "id": "top-bar",
                "type": "row",
                "content": [
                    {
                        "id": "column5",
                        "type": "column",
                        "content": [
                            {
                                "id": "r3r96o3yz62heblo4upi",
                                "type": "divider",
                                "params": {
                                    "full_height": {
                                        "id": "full_height",
                                        "value": true,
                                        "type": "switcher"
                                    },
                                    "css_class": {
                                        "id": "css_class",
                                        "value": "",
                                        "type": "text"
                                    }
                                }
                            },
                            {
                                "id": "8a6yxjx6i5zmk2ziraa3",
                                "type": "menu",
                                "params": {
                                    "menu_id": {
                                        "id": "menu_id",
                                        "value": "top-bar-left",
                                        "type": "options"
                                    },
                                    "menu_style": {
                                        "id": "menu_style",
                                        "value": "bordered",
                                        "type": "selector"
                                    },
                                    "menu_align": {
                                        "id": "menu_align",
                                        "value": "right",
                                        "type": "selector"
                                    }
                                }
                            },
                            {
                                "id": "8fkxw0r79nhvt42hxrob",
                                "type": "divider",
                                "params": {
                                    "full_height": {
                                        "id": "full_height",
                                        "value": true,
                                        "type": "switcher"
                                    },
                                    "css_class": {
                                        "id": "css_class",
                                        "value": "",
                                        "type": "text"
                                    }
                                }
                            },
                            {
                                "id": "y4ro7npestv02kyrww49",
                                "type": "text",
                                "params": {
                                    "content": {
                                        "id": "content",
                                        "value": "<strong>FREE SHIPPING FOR ALL ORDERS OF $150<\/strong>",
                                        "type": "editor"
                                    },
                                    "inline": {
                                        "id": "inline",
                                        "value": false,
                                        "type": "switcher"
                                    },
                                    "css_class": {
                                        "id": "css_class",
                                        "value": "",
                                        "type": "text"
                                    }
                                }
                            }
                        ]
                    },
                    {
                        "id": "column6",
                        "type": "column",
                        "content": []
                    },
                    {
                        "id": "column7",
                        "type": "column",
                        "content": [
                            {
                                "id": "43k0qayz7gg36f2jmmhk",
                                "type": "social",
                                "params": {
                                    "type": {
                                        "id": "type",
                                        "value": "follow",
                                        "type": "selector"
                                    },
                                    "size": {
                                        "id": "size",
                                        "value": "",
                                        "type": "selector"
                                    },
                                    "color": {
                                        "id": "color",
                                        "value": "dark",
                                        "type": "selector"
                                    },
                                    "align": {
                                        "id": "align",
                                        "value": "center",
                                        "type": "selector"
                                    },
                                    "style": {
                                        "id": "style",
                                        "value": "",
                                        "type": "selector"
                                    },
                                    "form": {
                                        "id": "form",
                                        "value": "circle",
                                        "type": "selector"
                                    },
                                    "el_class": {
                                        "id": "el_class",
                                        "value": "",
                                        "type": "text"
                                    }
                                }
                            },
                            {
                                "id": "aik22afewdiur23h71ba",
                                "type": "divider",
                                "params": {
                                    "full_height": {
                                        "id": "full_height",
                                        "value": true,
                                        "type": "switcher"
                                    },
                                    "css_class": {
                                        "id": "css_class",
                                        "value": "",
                                        "type": "text"
                                    }
                                }
                            },
                            {
                                "id": "qyxd33agi52wruenrb9t",
                                "type": "menu",
                                "params": {
                                    "menu_id": {
                                        "id": "menu_id",
                                        "value": "top-bar-right",
                                        "type": "options"
                                    },
                                    "menu_style": {
                                        "id": "menu_style",
                                        "value": "bordered",
                                        "type": "selector"
                                    },
                                    "menu_align": {
                                        "id": "menu_align",
                                        "value": "right",
                                        "type": "selector"
                                    }
                                }
                            },
                            {
                                "id": "hvo7pk2f543doxhr21h5",
                                "type": "divider",
                                "params": {
                                    "full_height": {
                                        "id": "full_height",
                                        "value": true,
                                        "type": "switcher"
                                    },
                                    "css_class": {
                                        "id": "css_class",
                                        "value": "",
                                        "type": "text"
                                    }
                                }
                            },
                            {
                                "id": "a22wdkiy3r40yw2paskq",
                                "type": "wishlist",
                                "params": {
                                    "design": {
                                        "id": "design",
                                        "value": "text",
                                        "type": "selector"
                                    },
                                    "hide_product_count": {
                                        "id": "hide_product_count",
                                        "value": true,
                                        "type": "switcher"
                                    },
                                    "icon_type": {
                                        "id": "icon_type",
                                        "value": "default",
                                        "type": "selector"
                                    },
                                    "custom_icon": {
                                        "id": "custom_icon",
                                        "value": "",
                                        "type": "image"
                                    }
                                }
                            },
                            {
                                "id": "jontq5ho8jwanppc8j5f",
                                "type": "divider",
                                "params": {
                                    "full_height": {
                                        "id": "full_height",
                                        "value": true,
                                        "type": "switcher"
                                    },
                                    "css_class": {
                                        "id": "css_class",
                                        "value": "",
                                        "type": "text"
                                    }
                                }
                            }
                        ]
                    },
                    {
                        "id": "column_mobile1",
                        "type": "column",
                        "content": [
                            {
                                "id": "ifj45ut4usw778fsl6fq",
                                "type": "social",
                                "params": {
                                    "type": {
                                        "id": "type",
                                        "value": "follow",
                                        "type": "selector"
                                    },
                                    "size": {
                                        "id": "size",
                                        "value": "",
                                        "type": "selector"
                                    },
                                    "color": {
                                        "id": "color",
                                        "value": "dark",
                                        "type": "selector"
                                    },
                                    "align": {
                                        "id": "align",
                                        "value": "left",
                                        "type": "selector"
                                    },
                                    "style": {
                                        "id": "style",
                                        "value": "",
                                        "type": "selector"
                                    },
                                    "form": {
                                        "id": "form",
                                        "value": "circle",
                                        "type": "selector"
                                    },
                                    "el_class": {
                                        "id": "el_class",
                                        "value": "",
                                        "type": "text"
                                    }
                                }
                            }
                        ]
                    }
                ],
                "params": {
                    "flex_layout": {
                        "id": "flex_layout",
                        "value": "flex-middle",
                        "type": "selector"
                    },
                    "height": {
                        "id": "height",
                        "value": 41,
                        "type": "slider"
                    },
                    "mobile_height": {
                        "id": "mobile_height",
                        "value": 38,
                        "type": "slider"
                    },
                    "hide_desktop": {
                        "id": "hide_desktop",
                        "value": false,
                        "type": "switcher"
                    },
                    "hide_mobile": {
                        "id": "hide_mobile",
                        "value": false,
                        "type": "switcher"
                    },
                    "sticky": {
                        "id": "sticky",
                        "value": false,
                        "type": "switcher"
                    },
                    "sticky_height": {
                        "id": "sticky_height",
                        "value": 41,
                        "type": "slider"
                    },
                    "color_scheme": {
                        "id": "color_scheme",
                        "value": "dark",
                        "type": "selector"
                    },
                    "shadow": {
                        "id": "shadow",
                        "value": false,
                        "type": "switcher"
                    },
                    "background": {
                        "id": "background",
                        "value": [],
                        "type": "bg"
                    },
                    "border": {
                        "id": "border",
                        "value": {
                            "width": "1",
                            "color": {
                                "r": 129,
                                "g": 129,
                                "b": 129,
                                "a": 0.2
                            },
                            "sides": [
                                "bottom"
                            ]
                        },
                        "type": "border"
                    }
                }
            },
            {
                "id": "general-header",
                "type": "row",
                "content": [
                    {
                        "id": "column8",
                        "type": "column",
                        "content": [
                            {
                                "id": "aia2ly0mmxvnkhsjx0ni",
                                "type": "infobox",
                                "params": {
                                    "icon_style": {
                                        "id": "icon_style",
                                        "value": "simple",
                                        "type": "selector"
                                    },
                                    "icon_type": {
                                        "id": "icon_type",
                                        "value": "icon",
                                        "type": "selector"
                                    },
                                    "icon_bg_color": {
                                        "id": "icon_bg_color",
                                        "value": "",
                                        "type": "color"
                                    },
                                    "icon_bg_hover_color": {
                                        "id": "icon_bg_hover_color",
                                        "value": "",
                                        "type": "color"
                                    },
                                    "icon_border_color": {
                                        "id": "icon_border_color",
                                        "value": "",
                                        "type": "color"
                                    },
                                    "icon_border_hover_color": {
                                        "id": "icon_border_hover_color",
                                        "value": "",
                                        "type": "color"
                                    },
                                    "icon_text": {
                                        "id": "icon_text",
                                        "value": "",
                                        "type": "text"
                                    },
                                    "icon_text_size": {
                                        "id": "icon_text_size",
                                        "value": "default",
                                        "type": "selector"
                                    },
                                    "icon_text_color": {
                                        "id": "icon_text_color",
                                        "value": "",
                                        "type": "color"
                                    },
                                    "image": {
                                        "id": "image",
                                        "value": {
                                            "id": 2323,
                                            "url": "http:\/\/dummy.xtemos.com\/woodmart2\/wp-content\/uploads\/2021\/08\/digitals-2-header-row.svg",
                                            "width": 64,
                                            "height": 64
                                        },
                                        "type": "image"
                                    },
                                    "img_size": {
                                        "id": "img_size",
                                        "value": "40x40",
                                        "type": "text"
                                    },
                                    "style": {
                                        "id": "style",
                                        "value": "base",
                                        "type": "selector"
                                    },
                                    "woodmart_color_scheme": {
                                        "id": "woodmart_color_scheme",
                                        "value": "",
                                        "type": "selector"
                                    },
                                    "bg_hover_colorpicker": {
                                        "id": "bg_hover_colorpicker",
                                        "value": "colorpicker",
                                        "type": "selector"
                                    },
                                    "bg_hover_color": {
                                        "id": "bg_hover_color",
                                        "value": "",
                                        "type": "color"
                                    },
                                    "woodmart_hover_color_scheme": {
                                        "id": "woodmart_hover_color_scheme",
                                        "value": "",
                                        "type": "selector"
                                    },
                                    "alignment": {
                                        "id": "alignment",
                                        "value": "",
                                        "type": "selector"
                                    },
                                    "image_alignment": {
                                        "id": "image_alignment",
                                        "value": "left",
                                        "type": "selector"
                                    },
                                    "title": {
                                        "id": "title",
                                        "value": "",
                                        "type": "textarea"
                                    },
                                    "title_font": {
                                        "id": "title_font",
                                        "value": "",
                                        "type": "selector"
                                    },
                                    "title_tag": {
                                        "id": "title_tag",
                                        "value": "h1",
                                        "type": "options"
                                    },
                                    "title_size": {
                                        "id": "title_size",
                                        "value": "default",
                                        "type": "selector"
                                    },
                                    "title_font_weight": {
                                        "id": "title_font_weight",
                                        "value": "",
                                        "type": "options"
                                    },
                                    "title_style": {
                                        "id": "title_style",
                                        "value": "default",
                                        "type": "selector"
                                    },
                                    "title_color": {
                                        "id": "title_color",
                                        "value": "",
                                        "type": "color"
                                    },
                                    "subtitle": {
                                        "id": "subtitle",
                                        "value": "",
                                        "type": "textarea"
                                    },
                                    "subtitle_font": {
                                        "id": "subtitle_font",
                                        "value": "",
                                        "type": "selector"
                                    },
                                    "subtitle_font_weight": {
                                        "id": "subtitle_font_weight",
                                        "value": "",
                                        "type": "options"
                                    },
                                    "subtitle_color": {
                                        "id": "subtitle_color",
                                        "value": "default",
                                        "type": "selector"
                                    },
                                    "subtitle_custom_color": {
                                        "id": "subtitle_custom_color",
                                        "value": "",
                                        "type": "color"
                                    },
                                    "subtitle_custom_bg_color": {
                                        "id": "subtitle_custom_bg_color",
                                        "value": "",
                                        "type": "color"
                                    },
                                    "subtitle_style": {
                                        "id": "subtitle_style",
                                        "value": "default",
                                        "type": "selector"
                                    },
                                    "content": {
                                        "id": "content",
                                        "value": "<div style=\"color: #333333;\"><strong>Free Shipping.\n<\/strong><\/div>\n24\/7 every day.",
                                        "type": "editor"
                                    },
                                    "custom_text_color": {
                                        "id": "custom_text_color",
                                        "value": "",
                                        "type": "color"
                                    },
                                    "btn_text": {
                                        "id": "btn_text",
                                        "value": "",
                                        "type": "text"
                                    },
                                    "btn_position": {
                                        "id": "btn_position",
                                        "value": "hover",
                                        "type": "selector"
                                    },
                                    "btn_color": {
                                        "id": "btn_color",
                                        "value": "default",
                                        "type": "selector"
                                    },
                                    "btn_size": {
                                        "id": "btn_size",
                                        "value": "default",
                                        "type": "selector"
                                    },
                                    "btn_style": {
                                        "id": "btn_style",
                                        "value": "default",
                                        "type": "selector"
                                    },
                                    "btn_shape": {
                                        "id": "btn_shape",
                                        "value": "rectangle",
                                        "type": "selector"
                                    },
                                    "svg_animation": {
                                        "id": "svg_animation",
                                        "value": false,
                                        "type": "switcher"
                                    },
                                    "info_box_inline": {
                                        "id": "info_box_inline",
                                        "value": true,
                                        "type": "switcher"
                                    },
                                    "link": {
                                        "id": "link",
                                        "value": "#",
                                        "type": "link"
                                    },
                                    "el_class": {
                                        "id": "el_class",
                                        "value": "",
                                        "type": "text"
                                    },
                                    "woodmart_bg_position": {
                                        "id": "woodmart_bg_position",
                                        "value": "",
                                        "type": "options"
                                    },
                                    "wd_animation": {
                                        "id": "wd_animation",
                                        "value": "",
                                        "type": "options"
                                    },
                                    "wd_animation_duration": {
                                        "id": "wd_animation_duration",
                                        "value": "slow",
                                        "type": "selector"
                                    },
                                    "wd_animation_delay": {
                                        "id": "wd_animation_delay",
                                        "value": "",
                                        "type": "text"
                                    }
                                }
                            },
                            {
                                "id": "8mbmnkh6tmhflsttrcn1",
                                "type": "space",
                                "params": {
                                    "width": {
                                        "id": "width",
                                        "value": 45,
                                        "type": "slider"
                                    },
                                    "css_class": {
                                        "id": "css_class",
                                        "value": "",
                                        "type": "text"
                                    }
                                }
                            },
                            {
                                "id": "sryoezaj4uytfnyu41x2",
                                "type": "infobox",
                                "params": {
                                    "icon_style": {
                                        "id": "icon_style",
                                        "value": "simple",
                                        "type": "selector"
                                    },
                                    "icon_type": {
                                        "id": "icon_type",
                                        "value": "icon",
                                        "type": "selector"
                                    },
                                    "icon_bg_color": {
                                        "id": "icon_bg_color",
                                        "value": "",
                                        "type": "color"
                                    },
                                    "icon_bg_hover_color": {
                                        "id": "icon_bg_hover_color",
                                        "value": "",
                                        "type": "color"
                                    },
                                    "icon_border_color": {
                                        "id": "icon_border_color",
                                        "value": "",
                                        "type": "color"
                                    },
                                    "icon_border_hover_color": {
                                        "id": "icon_border_hover_color",
                                        "value": "",
                                        "type": "color"
                                    },
                                    "icon_text": {
                                        "id": "icon_text",
                                        "value": "",
                                        "type": "text"
                                    },
                                    "icon_text_size": {
                                        "id": "icon_text_size",
                                        "value": "default",
                                        "type": "selector"
                                    },
                                    "icon_text_color": {
                                        "id": "icon_text_color",
                                        "value": "",
                                        "type": "color"
                                    },
                                    "image": {
                                        "id": "image",
                                        "value": {
                                            "id": 2321,
                                            "url": "http:\/\/dummy.xtemos.com\/woodmart2\/wp-content\/uploads\/2021\/08\/digitals-1-header-row.svg",
                                            "width": 64,
                                            "height": 64
                                        },
                                        "type": "image"
                                    },
                                    "img_size": {
                                        "id": "img_size",
                                        "value": "40x40",
                                        "type": "text"
                                    },
                                    "style": {
                                        "id": "style",
                                        "value": "base",
                                        "type": "selector"
                                    },
                                    "woodmart_color_scheme": {
                                        "id": "woodmart_color_scheme",
                                        "value": "",
                                        "type": "selector"
                                    },
                                    "bg_hover_colorpicker": {
                                        "id": "bg_hover_colorpicker",
                                        "value": "colorpicker",
                                        "type": "selector"
                                    },
                                    "bg_hover_color": {
                                        "id": "bg_hover_color",
                                        "value": "",
                                        "type": "color"
                                    },
                                    "woodmart_hover_color_scheme": {
                                        "id": "woodmart_hover_color_scheme",
                                        "value": "",
                                        "type": "selector"
                                    },
                                    "alignment": {
                                        "id": "alignment",
                                        "value": "",
                                        "type": "selector"
                                    },
                                    "image_alignment": {
                                        "id": "image_alignment",
                                        "value": "left",
                                        "type": "selector"
                                    },
                                    "title": {
                                        "id": "title",
                                        "value": "",
                                        "type": "textarea"
                                    },
                                    "title_font": {
                                        "id": "title_font",
                                        "value": "",
                                        "type": "selector"
                                    },
                                    "title_tag": {
                                        "id": "title_tag",
                                        "value": "h1",
                                        "type": "options"
                                    },
                                    "title_size": {
                                        "id": "title_size",
                                        "value": "default",
                                        "type": "selector"
                                    },
                                    "title_font_weight": {
                                        "id": "title_font_weight",
                                        "value": "",
                                        "type": "options"
                                    },
                                    "title_style": {
                                        "id": "title_style",
                                        "value": "default",
                                        "type": "selector"
                                    },
                                    "title_color": {
                                        "id": "title_color",
                                        "value": "",
                                        "type": "color"
                                    },
                                    "subtitle": {
                                        "id": "subtitle",
                                        "value": "",
                                        "type": "textarea"
                                    },
                                    "subtitle_font": {
                                        "id": "subtitle_font",
                                        "value": "",
                                        "type": "selector"
                                    },
                                    "subtitle_font_weight": {
                                        "id": "subtitle_font_weight",
                                        "value": "",
                                        "type": "options"
                                    },
                                    "subtitle_color": {
                                        "id": "subtitle_color",
                                        "value": "default",
                                        "type": "selector"
                                    },
                                    "subtitle_custom_color": {
                                        "id": "subtitle_custom_color",
                                        "value": "",
                                        "type": "color"
                                    },
                                    "subtitle_custom_bg_color": {
                                        "id": "subtitle_custom_bg_color",
                                        "value": "",
                                        "type": "color"
                                    },
                                    "subtitle_style": {
                                        "id": "subtitle_style",
                                        "value": "default",
                                        "type": "selector"
                                    },
                                    "content": {
                                        "id": "content",
                                        "value": "<div style=\"color: #333333;\"><strong>How to Find Us.<\/strong><\/div>\nWoodmart location.",
                                        "type": "editor"
                                    },
                                    "custom_text_color": {
                                        "id": "custom_text_color",
                                        "value": "",
                                        "type": "color"
                                    },
                                    "btn_text": {
                                        "id": "btn_text",
                                        "value": "",
                                        "type": "text"
                                    },
                                    "btn_position": {
                                        "id": "btn_position",
                                        "value": "hover",
                                        "type": "selector"
                                    },
                                    "btn_color": {
                                        "id": "btn_color",
                                        "value": "default",
                                        "type": "selector"
                                    },
                                    "btn_size": {
                                        "id": "btn_size",
                                        "value": "default",
                                        "type": "selector"
                                    },
                                    "btn_style": {
                                        "id": "btn_style",
                                        "value": "default",
                                        "type": "selector"
                                    },
                                    "btn_shape": {
                                        "id": "btn_shape",
                                        "value": "rectangle",
                                        "type": "selector"
                                    },
                                    "svg_animation": {
                                        "id": "svg_animation",
                                        "value": false,
                                        "type": "switcher"
                                    },
                                    "info_box_inline": {
                                        "id": "info_box_inline",
                                        "value": true,
                                        "type": "switcher"
                                    },
                                    "link": {
                                        "id": "link",
                                        "value": "#",
                                        "type": "link"
                                    },
                                    "el_class": {
                                        "id": "el_class",
                                        "value": "",
                                        "type": "text"
                                    },
                                    "woodmart_bg_position": {
                                        "id": "woodmart_bg_position",
                                        "value": "",
                                        "type": "options"
                                    },
                                    "wd_animation": {
                                        "id": "wd_animation",
                                        "value": "",
                                        "type": "options"
                                    },
                                    "wd_animation_duration": {
                                        "id": "wd_animation_duration",
                                        "value": "slow",
                                        "type": "selector"
                                    },
                                    "wd_animation_delay": {
                                        "id": "wd_animation_delay",
                                        "value": "",
                                        "type": "text"
                                    }
                                }
                            }
                        ]
                    },
                    {
                        "id": "column9",
                        "type": "column",
                        "content": [
                            {
                                "id": "gs8bcnxektjsro21n657",
                                "type": "logo",
                                "params": {
                                    "image": {
                                        "id": "image",
                                        "value": "",
                                        "type": "image"
                                    },
                                    "width": {
                                        "id": "width",
                                        "value": 210,
                                        "type": "slider"
                                    },
                                    "sticky_notice": {
                                        "id": "sticky_notice",
                                        "value": "",
                                        "type": "notice"
                                    },
                                    "sticky_image": {
                                        "id": "sticky_image",
                                        "value": "",
                                        "type": "image"
                                    },
                                    "sticky_width": {
                                        "id": "sticky_width",
                                        "value": 250,
                                        "type": "slider"
                                    },
                                    "width_height": {
                                        "id": "width_height",
                                        "value": true,
                                        "type": "switcher"
                                    }
                                }
                            }
                        ]
                    },
                    {
                        "id": "column10",
                        "type": "column",
                        "content": [
                            {
                                "id": "vssfpylqqax9pvkfnxoz",
                                "type": "account",
                                "params": {
                                    "display": {
                                        "id": "display",
                                        "value": "text",
                                        "type": "selector"
                                    },
                                    "icon_type": {
                                        "id": "icon_type",
                                        "value": "default",
                                        "type": "selector"
                                    },
                                    "custom_icon": {
                                        "id": "custom_icon",
                                        "value": "",
                                        "type": "image"
                                    },
                                    "with_username": {
                                        "id": "with_username",
                                        "value": false,
                                        "type": "switcher"
                                    },
                                    "login_dropdown": {
                                        "id": "login_dropdown",
                                        "value": true,
                                        "type": "switcher"
                                    },
                                    "form_display": {
                                        "id": "form_display",
                                        "value": "side",
                                        "type": "selector"
                                    }
                                }
                            },
                            {
                                "id": "9x1ytaxq7aphtb3npidp",
                                "type": "search",
                                "params": {
                                    "display": {
                                        "id": "display",
                                        "value": "full-screen",
                                        "type": "selector"
                                    },
                                    "search_style": {
                                        "id": "search_style",
                                        "value": "default",
                                        "type": "selector"
                                    },
                                    "categories_dropdown": {
                                        "id": "categories_dropdown",
                                        "value": true,
                                        "type": "switcher"
                                    },
                                    "ajax": {
                                        "id": "ajax",
                                        "value": true,
                                        "type": "switcher"
                                    },
                                    "ajax_result_count": {
                                        "id": "ajax_result_count",
                                        "value": 20,
                                        "type": "slider"
                                    },
                                    "post_type": {
                                        "id": "post_type",
                                        "value": "product",
                                        "type": "selector"
                                    },
                                    "icon_type": {
                                        "id": "icon_type",
                                        "value": "default",
                                        "type": "selector"
                                    },
                                    "custom_icon": {
                                        "id": "custom_icon",
                                        "value": "",
                                        "type": "image"
                                    }
                                }
                            },
                            {
                                "id": "nedhm962r512y1xz9j06",
                                "type": "cart",
                                "params": {
                                    "position": {
                                        "id": "position",
                                        "value": "side",
                                        "type": "selector"
                                    },
                                    "style": {
                                        "id": "style",
                                        "value": "4",
                                        "type": "selector"
                                    },
                                    "icon_type": {
                                        "id": "icon_type",
                                        "value": "cart",
                                        "type": "selector"
                                    },
                                    "custom_icon": {
                                        "id": "custom_icon",
                                        "value": "",
                                        "type": "image"
                                    }
                                }
                            }
                        ]
                    },
                    {
                        "id": "column_mobile2",
                        "type": "column",
                        "content": [
                            {
                                "id": "g1k0m1tib7raxrwkm1t3",
                                "type": "burger",
                                "params": {
                                    "style": {
                                        "id": "style",
                                        "value": "text",
                                        "type": "selector"
                                    },
                                    "icon_type": {
                                        "id": "icon_type",
                                        "value": "default",
                                        "type": "selector"
                                    },
                                    "custom_icon": {
                                        "id": "custom_icon",
                                        "value": "",
                                        "type": "image"
                                    },
                                    "position": {
                                        "id": "position",
                                        "value": "left",
                                        "type": "selector"
                                    },
                                    "search_form": {
                                        "id": "search_form",
                                        "value": true,
                                        "type": "switcher"
                                    },
                                    "categories_menu": {
                                        "id": "categories_menu",
                                        "value": true,
                                        "type": "switcher"
                                    },
                                    "menu_id": {
                                        "id": "menu_id",
                                        "value": "mobile-categories",
                                        "type": "options"
                                    },
                                    "tabs_swap": {
                                        "id": "tabs_swap",
                                        "value": false,
                                        "type": "switcher"
                                    }
                                }
                            }
                        ]
                    },
                    {
                        "id": "column_mobile3",
                        "type": "column",
                        "content": [
                            {
                                "id": "lt7vdqgaccmapftzurvt",
                                "type": "logo",
                                "params": {
                                    "image": {
                                        "id": "image",
                                        "value": "",
                                        "type": "image"
                                    },
                                    "width": {
                                        "id": "width",
                                        "value": 179,
                                        "type": "slider"
                                    },
                                    "sticky_notice": {
                                        "id": "sticky_notice",
                                        "value": "",
                                        "type": "notice"
                                    },
                                    "sticky_image": {
                                        "id": "sticky_image",
                                        "value": "",
                                        "type": "image"
                                    },
                                    "sticky_width": {
                                        "id": "sticky_width",
                                        "value": 150,
                                        "type": "slider"
                                    },
                                    "width_height": {
                                        "id": "width_height",
                                        "value": true,
                                        "type": "switcher"
                                    }
                                }
                            }
                        ]
                    },
                    {
                        "id": "column_mobile4",
                        "type": "column",
                        "content": [
                            {
                                "id": "trk5sfmvib0ch1s1qbtc",
                                "type": "cart",
                                "params": {
                                    "position": {
                                        "id": "position",
                                        "value": "side",
                                        "type": "selector"
                                    },
                                    "style": {
                                        "id": "style",
                                        "value": "5",
                                        "type": "selector"
                                    },
                                    "icon_type": {
                                        "id": "icon_type",
                                        "value": "cart",
                                        "type": "selector"
                                    },
                                    "custom_icon": {
                                        "id": "custom_icon",
                                        "value": "",
                                        "type": "image"
                                    }
                                }
                            }
                        ]
                    }
                ],
                "params": {
                    "flex_layout": {
                        "id": "flex_layout",
                        "value": "equal-sides",
                        "type": "selector"
                    },
                    "height": {
                        "id": "height",
                        "value": 80,
                        "type": "slider"
                    },
                    "mobile_height": {
                        "id": "mobile_height",
                        "value": 60,
                        "type": "slider"
                    },
                    "hide_desktop": {
                        "id": "hide_desktop",
                        "value": false,
                        "type": "switcher"
                    },
                    "hide_mobile": {
                        "id": "hide_mobile",
                        "value": false,
                        "type": "switcher"
                    },
                    "sticky": {
                        "id": "sticky",
                        "value": false,
                        "type": "switcher"
                    },
                    "sticky_height": {
                        "id": "sticky_height",
                        "value": 60,
                        "type": "slider"
                    },
                    "color_scheme": {
                        "id": "color_scheme",
                        "value": "dark",
                        "type": "selector"
                    },
                    "shadow": {
                        "id": "shadow",
                        "value": false,
                        "type": "switcher"
                    },
                    "background": {
                        "id": "background",
                        "value": "",
                        "type": "bg"
                    },
                    "border": {
                        "id": "border",
                        "value": {
                            "width": "0",
                            "applyFor": "fullwidth",
                            "style": "solid",
                            "sides": [
                                "bottom"
                            ]
                        },
                        "type": "border"
                    }
                }
            },
            {
                "id": "header-bottom",
                "type": "row",
                "content": [
                    {
                        "id": "column11",
                        "type": "column",
                        "content": []
                    },
                    {
                        "id": "column12",
                        "type": "column",
                        "content": [
                            {
                                "id": "6kgdkbvf12frej4dofvj",
                                "type": "mainmenu",
                                "params": {
                                    "menu_style": {
                                        "id": "menu_style",
                                        "value": "default",
                                        "type": "selector"
                                    },
                                    "menu_align": {
                                        "id": "menu_align",
                                        "value": "center",
                                        "type": "selector"
                                    },
                                    "full_screen": {
                                        "id": "full_screen",
                                        "value": false,
                                        "type": "switcher"
                                    },
                                    "icon_type": {
                                        "id": "icon_type",
                                        "value": "default",
                                        "type": "selector"
                                    },
                                    "custom_icon": {
                                        "id": "custom_icon",
                                        "value": "",
                                        "type": "image"
                                    }
                                }
                            }
                        ]
                    },
                    {
                        "id": "column13",
                        "type": "column",
                        "content": []
                    },
                    {
                        "id": "column_mobile5",
                        "type": "column",
                        "content": []
                    }
                ],
                "params": {
                    "flex_layout": {
                        "id": "flex_layout",
                        "value": "flex-middle",
                        "type": "selector"
                    },
                    "height": {
                        "id": "height",
                        "value": 50,
                        "type": "slider"
                    },
                    "mobile_height": {
                        "id": "mobile_height",
                        "value": 50,
                        "type": "slider"
                    },
                    "hide_desktop": {
                        "id": "hide_desktop",
                        "value": false,
                        "type": "switcher"
                    },
                    "hide_mobile": {
                        "id": "hide_mobile",
                        "value": true,
                        "type": "switcher"
                    },
                    "sticky": {
                        "id": "sticky",
                        "value": false,
                        "type": "switcher"
                    },
                    "sticky_height": {
                        "id": "sticky_height",
                        "value": 50,
                        "type": "slider"
                    },
                    "color_scheme": {
                        "id": "color_scheme",
                        "value": "light",
                        "type": "selector"
                    },
                    "shadow": {
                        "id": "shadow",
                        "value": false,
                        "type": "switcher"
                    },
                    "background": {
                        "id": "background",
                        "value": {
                            "background-color": {
                                "r": 46,
                                "g": 46,
                                "b": 46,
                                "a": 1
                            }
                        },
                        "type": "bg"
                    },
                    "border": {
                        "id": "border",
                        "value": {
                            "style": "solid",
                            "applyFor": "fullwidth",
                            "sides": [
                                "bottom"
                            ]
                        },
                        "type": "border"
                    }
                }
            }
        ]
    },
    "settings": {
        "overlap": {
            "id": "overlap",
            "value": false,
            "type": "switcher"
        },
        "boxed": {
            "id": "boxed",
            "value": false,
            "type": "switcher"
        },
        "full_width": {
            "id": "full_width",
            "value": false,
            "type": "switcher"
        },
        "dropdowns_dark": {
            "id": "dropdowns_dark",
            "value": false,
            "type": "switcher"
        },
        "sticky_shadow": {
            "id": "sticky_shadow",
            "value": true,
            "type": "switcher"
        },
        "hide_on_scroll": {
            "id": "hide_on_scroll",
            "value": false,
            "type": "switcher"
        },
        "sticky_effect": {
            "id": "sticky_effect",
            "value": "slide",
            "type": "selector"
        },
        "sticky_clone": {
            "id": "sticky_clone",
            "value": true,
            "type": "switcher"
        },
        "sticky_height": {
            "id": "sticky_height",
            "value": 60,
            "type": "slider"
        }
    }
}