{
    "products": {
        "henectus-tincidunt": "5801",
        "ornare-auctor": "5800",
        "eames-plastic-side-chair": "5799",
        "augue-adipiscing-euismod": "5798",
        "iphone-dock": "5802",
        "wine-bottle-lantern": "5797",
        "decoration-wooden-present": "5791",
        "panton-tunior-chair": "5796",
        "smart-watches-wood-edition": "5795",
        "wooden-single-drawer": "5794",
        "classic-wooden-chair": "5793",
        "eames-lounge-chair": "5792"
    },
    "blog": {
        "exploring-atlantas-modern-homes": "5781",
        "green-interior-design-inspiration": "5782",
        "collar-brings-back-coffee-brewing-ritual": "5783",
        "reinterprets-the-classic-bookshelf": "5784",
        "creative-water-features-and-exterior": "5785",
        "minimalist-japanese-inspired-furniture": "5789",
        "new-home-decor-from-john-doerson": "5786",
        "the-big-design-wall-likes-pictures": "5787",
        "sweet-seat-functional-seat-for-it-folks": "5788"
    }
}