{
    "products": {
        "henectus-tincidunt": "5016",
        "ornare-auctor": "5015",
        "eames-plastic-side-chair": "5014",
        "augue-adipiscing-euismod": "5013",
        "iphone-dock": "5017",
        "wine-bottle-lantern": "5012",
        "decoration-wooden-present": "5006",
        "panton-tunior-chair": "5011",
        "smart-watches-wood-edition": "5010",
        "wooden-single-drawer": "5009",
        "classic-wooden-chair": "5008",
        "eames-lounge-chair": "5007"
    },
    "blog": {
        "exploring-atlantas-modern-homes": "5018",
        "green-interior-design-inspiration": "5019",
        "collar-brings-back-coffee-brewing-ritual": "5020",
        "reinterprets-the-classic-bookshelf": "5021",
        "creative-water-features-and-exterior": "5022",
        "minimalist-japanese-inspired-furniture": "5026",
        "new-home-decor-from-john-doerson": "5023",
        "the-big-design-wall-likes-pictures": "5024",
        "sweet-seat-functional-seat-for-it-folks": "5025"
    }
}