{
    "name": "Header Electronics 2",
    "id": "header_662032",
    "structure": {
        "id": "root",
        "type": "root",
        "content": [
            {
                "id": "top-bar",
                "type": "row",
                "content": [
                    {
                        "id": "column5",
                        "type": "column",
                        "content": [
                            {
                                "id": "jp0yvqf97cnm5p5gsqqd",
                                "type": "menu",
                                "params": {
                                    "menu_id": {
                                        "id": "menu_id",
                                        "value": "top-bar-left-electronics-2",
                                        "type": "options"
                                    },
                                    "menu_style": {
                                        "id": "menu_style",
                                        "value": "separated",
                                        "type": "selector"
                                    },
                                    "menu_align": {
                                        "id": "menu_align",
                                        "value": "left",
                                        "type": "selector"
                                    },
                                    "items_gap": {
                                        "id": "items_gap",
                                        "value": "s",
                                        "type": "selector"
                                    }
                                }
                            }
                        ]
                    },
                    {
                        "id": "column6",
                        "type": "column",
                        "content": []
                    },
                    {
                        "id": "column7",
                        "type": "column",
                        "content": [
                            {
                                "id": "ie7ypyss8hsbzgvu5q6i",
                                "type": "menu",
                                "params": {
                                    "menu_id": {
                                        "id": "menu_id",
                                        "value": "top-bar-right",
                                        "type": "options"
                                    },
                                    "menu_style": {
                                        "id": "menu_style",
                                        "value": "separated",
                                        "type": "selector"
                                    },
                                    "menu_align": {
                                        "id": "menu_align",
                                        "value": "right",
                                        "type": "selector"
                                    },
                                    "items_gap": {
                                        "id": "items_gap",
                                        "value": "s",
                                        "type": "selector"
                                    }
                                }
                            },
                            {
                                "id": "r99e2hfl63dn92k4ktrv",
                                "type": "divider",
                                "params": {
                                    "full_height": {
                                        "id": "full_height",
                                        "value": false,
                                        "type": "switcher"
                                    },
                                    "css_class": {
                                        "id": "css_class",
                                        "value": "",
                                        "type": "text"
                                    }
                                }
                            },
                            {
                                "id": "wpa1yzvjgcdegcjyk2i9",
                                "type": "wishlist",
                                "params": {
                                    "design": {
                                        "id": "design",
                                        "value": "text",
                                        "type": "selector"
                                    },
                                    "hide_product_count": {
                                        "id": "hide_product_count",
                                        "value": true,
                                        "type": "switcher"
                                    },
                                    "icon_type": {
                                        "id": "icon_type",
                                        "value": "default",
                                        "type": "selector"
                                    },
                                    "custom_icon": {
                                        "id": "custom_icon",
                                        "value": "",
                                        "type": "image"
                                    }
                                }
                            },
                            {
                                "id": "ln24ou2fx7uhh4b4m6du",
                                "type": "divider",
                                "params": {
                                    "full_height": {
                                        "id": "full_height",
                                        "value": false,
                                        "type": "switcher"
                                    },
                                    "css_class": {
                                        "id": "css_class",
                                        "value": "",
                                        "type": "text"
                                    }
                                }
                            },
                            {
                                "id": "za9c17gdklk77pj14dt7",
                                "type": "account",
                                "params": {
                                    "display": {
                                        "id": "display",
                                        "value": "text",
                                        "type": "selector"
                                    },
                                    "icon_type": {
                                        "id": "icon_type",
                                        "value": "default",
                                        "type": "selector"
                                    },
                                    "custom_icon": {
                                        "id": "custom_icon",
                                        "value": "",
                                        "type": "image"
                                    },
                                    "with_username": {
                                        "id": "with_username",
                                        "value": false,
                                        "type": "switcher"
                                    },
                                    "login_dropdown": {
                                        "id": "login_dropdown",
                                        "value": true,
                                        "type": "switcher"
                                    },
                                    "form_display": {
                                        "id": "form_display",
                                        "value": "side",
                                        "type": "selector"
                                    }
                                }
                            },
                            {
                                "id": "pqfffs0jq4k2htjt66aw",
                                "type": "divider",
                                "params": {
                                    "full_height": {
                                        "id": "full_height",
                                        "value": false,
                                        "type": "switcher"
                                    },
                                    "css_class": {
                                        "id": "css_class",
                                        "value": "",
                                        "type": "text"
                                    }
                                }
                            },
                            {
                                "id": "mubjow1w5zvrdp3ky870",
                                "type": "button",
                                "params": {
                                    "title": {
                                        "id": "title",
                                        "value": "Subscribe us",
                                        "type": "text"
                                    },
                                    "link": {
                                        "id": "link",
                                        "value": {
                                            "url": "#"
                                        },
                                        "type": "link"
                                    },
                                    "color": {
                                        "id": "color",
                                        "value": "primary",
                                        "type": "selector"
                                    },
                                    "size": {
                                        "id": "size",
                                        "value": "small",
                                        "type": "selector"
                                    },
                                    "style": {
                                        "id": "style",
                                        "value": "round",
                                        "type": "selector"
                                    },
                                    "shape": {
                                        "id": "shape",
                                        "value": "rectangle",
                                        "type": "selector"
                                    },
                                    "icon_library": {
                                        "id": "icon_library",
                                        "value": "fontawesome",
                                        "type": "options"
                                    },
                                    "icon_fontawesome": {
                                        "id": "icon_fontawesome",
                                        "value": "",
                                        "type": "text"
                                    },
                                    "icon_openiconic": {
                                        "id": "icon_openiconic",
                                        "value": "",
                                        "type": "text"
                                    },
                                    "icon_typicons": {
                                        "id": "icon_typicons",
                                        "value": "",
                                        "type": "text"
                                    },
                                    "icon_entypo": {
                                        "id": "icon_entypo",
                                        "value": "",
                                        "type": "text"
                                    },
                                    "icon_linecons": {
                                        "id": "icon_linecons",
                                        "value": "",
                                        "type": "text"
                                    },
                                    "icon_monosocial": {
                                        "id": "icon_monosocial",
                                        "value": "",
                                        "type": "text"
                                    },
                                    "icon_material": {
                                        "id": "icon_material",
                                        "value": "",
                                        "type": "text"
                                    },
                                    "icon_position": {
                                        "id": "icon_position",
                                        "value": "left",
                                        "type": "selector"
                                    },
                                    "full_width": {
                                        "id": "full_width",
                                        "value": false,
                                        "type": "switcher"
                                    },
                                    "button_inline": {
                                        "id": "button_inline",
                                        "value": false,
                                        "type": "switcher"
                                    },
                                    "align": {
                                        "id": "align",
                                        "value": "",
                                        "type": "selector"
                                    },
                                    "bg_color": {
                                        "id": "bg_color",
                                        "value": "",
                                        "type": "color"
                                    },
                                    "color_scheme": {
                                        "id": "color_scheme",
                                        "value": "light",
                                        "type": "selector"
                                    },
                                    "bg_color_hover": {
                                        "id": "bg_color_hover",
                                        "value": "",
                                        "type": "color"
                                    },
                                    "color_scheme_hover": {
                                        "id": "color_scheme_hover",
                                        "value": "light",
                                        "type": "selector"
                                    },
                                    "button_smooth_scroll": {
                                        "id": "button_smooth_scroll",
                                        "value": "",
                                        "type": "switcher"
                                    },
                                    "button_smooth_scroll_time": {
                                        "id": "button_smooth_scroll_time",
                                        "value": "",
                                        "type": "text"
                                    },
                                    "button_smooth_scroll_offset": {
                                        "id": "button_smooth_scroll_offset",
                                        "value": "",
                                        "type": "text"
                                    },
                                    "el_class": {
                                        "id": "el_class",
                                        "value": "woodmart-open-newsletter",
                                        "type": "text"
                                    }
                                }
                            }
                        ]
                    },
                    {
                        "id": "column_mobile1",
                        "type": "column",
                        "content": []
                    }
                ],
                "params": {
                    "flex_layout": {
                        "id": "flex_layout",
                        "value": "flex-middle",
                        "type": "selector"
                    },
                    "height": {
                        "id": "height",
                        "value": 50,
                        "type": "slider"
                    },
                    "mobile_height": {
                        "id": "mobile_height",
                        "value": 40,
                        "type": "slider"
                    },
                    "hide_desktop": {
                        "id": "hide_desktop",
                        "value": false,
                        "type": "switcher"
                    },
                    "hide_mobile": {
                        "id": "hide_mobile",
                        "value": true,
                        "type": "switcher"
                    },
                    "sticky": {
                        "id": "sticky",
                        "value": false,
                        "type": "switcher"
                    },
                    "sticky_height": {
                        "id": "sticky_height",
                        "value": 40,
                        "type": "slider"
                    },
                    "color_scheme": {
                        "id": "color_scheme",
                        "value": "dark",
                        "type": "selector"
                    },
                    "shadow": {
                        "id": "shadow",
                        "value": false,
                        "type": "switcher"
                    },
                    "background": {
                        "id": "background",
                        "value": "",
                        "type": "bg"
                    },
                    "border": {
                        "id": "border",
                        "value": {
                            "width": "1",
                            "color": {
                                "r": 227,
                                "g": 227,
                                "b": 227,
                                "a": 1
                            },
                            "applyFor": "boxed",
                            "sides": [
                                "bottom"
                            ]
                        },
                        "type": "border"
                    }
                }
            },
            {
                "id": "general-header",
                "type": "row",
                "content": [
                    {
                        "id": "column8",
                        "type": "column",
                        "content": [
                            {
                                "id": "5q8debbh8purs9tucmz5",
                                "type": "logo",
                                "params": {
                                    "image": {
                                        "id": "image",
                                        "value": "",
                                        "type": "image"
                                    },
                                    "width": {
                                        "id": "width",
                                        "value": 195,
                                        "type": "slider"
                                    },
                                    "sticky_notice": {
                                        "id": "sticky_notice",
                                        "value": "",
                                        "type": "notice"
                                    },
                                    "sticky_image": {
                                        "id": "sticky_image",
                                        "value": "",
                                        "type": "image"
                                    },
                                    "sticky_width": {
                                        "id": "sticky_width",
                                        "value": 150,
                                        "type": "slider"
                                    },
                                    "width_height": {
                                        "id": "width_height",
                                        "value": true,
                                        "type": "switcher"
                                    }
                                }
                            }
                        ]
                    },
                    {
                        "id": "column9",
                        "type": "column",
                        "content": [
                            {
                                "id": "cm12b546pudr0yx8n988",
                                "type": "mainmenu",
                                "params": {
                                    "menu_style": {
                                        "id": "menu_style",
                                        "value": "underline",
                                        "type": "selector"
                                    },
                                    "menu_align": {
                                        "id": "menu_align",
                                        "value": "center",
                                        "type": "selector"
                                    },
                                    "full_screen": {
                                        "id": "full_screen",
                                        "value": false,
                                        "type": "switcher"
                                    },
                                    "icon_type": {
                                        "id": "icon_type",
                                        "value": "default",
                                        "type": "selector"
                                    },
                                    "custom_icon": {
                                        "id": "custom_icon",
                                        "value": "",
                                        "type": "image"
                                    },
                                    "items_gap": {
                                        "id": "items_gap",
                                        "value": "s",
                                        "type": "selector"
                                    }
                                }
                            }
                        ]
                    },
                    {
                        "id": "column10",
                        "type": "column",
                        "content": [
                            {
                                "id": "k2gwx7lp4ciccfrofq3b",
                                "type": "search",
                                "params": {
                                    "display": {
                                        "id": "display",
                                        "value": "full-screen",
                                        "type": "selector"
                                    },
                                    "search_style": {
                                        "id": "search_style",
                                        "value": "default",
                                        "type": "selector"
                                    },
                                    "categories_dropdown": {
                                        "id": "categories_dropdown",
                                        "value": false,
                                        "type": "switcher"
                                    },
                                    "ajax": {
                                        "id": "ajax",
                                        "value": true,
                                        "type": "switcher"
                                    },
                                    "ajax_result_count": {
                                        "id": "ajax_result_count",
                                        "value": 20,
                                        "type": "slider"
                                    },
                                    "post_type": {
                                        "id": "post_type",
                                        "value": "product",
                                        "type": "selector"
                                    },
                                    "icon_type": {
                                        "id": "icon_type",
                                        "value": "default",
                                        "type": "selector"
                                    },
                                    "custom_icon": {
                                        "id": "custom_icon",
                                        "value": "",
                                        "type": "image"
                                    }
                                }
                            },
                            {
                                "id": "p8r5gpqv872l4c16tzrj",
                                "type": "compare",
                                "params": {
                                    "design": {
                                        "id": "design",
                                        "value": "icon",
                                        "type": "selector"
                                    },
                                    "hide_product_count": {
                                        "id": "hide_product_count",
                                        "value": false,
                                        "type": "switcher"
                                    },
                                    "icon_type": {
                                        "id": "icon_type",
                                        "value": "default",
                                        "type": "selector"
                                    },
                                    "custom_icon": {
                                        "id": "custom_icon",
                                        "value": "",
                                        "type": "image"
                                    }
                                }
                            },
                            {
                                "id": "59dm3x7qhe9gj2xm0ebm",
                                "type": "cart",
                                "params": {
                                    "position": {
                                        "id": "position",
                                        "value": "side",
                                        "type": "selector"
                                    },
                                    "style": {
                                        "id": "style",
                                        "value": "2",
                                        "type": "selector"
                                    },
                                    "icon_type": {
                                        "id": "icon_type",
                                        "value": "cart",
                                        "type": "selector"
                                    },
                                    "custom_icon": {
                                        "id": "custom_icon",
                                        "value": "",
                                        "type": "image"
                                    }
                                }
                            }
                        ]
                    },
                    {
                        "id": "column_mobile2",
                        "type": "column",
                        "content": [
                            {
                                "id": "6f9x9gv05o54did5lknk",
                                "type": "burger",
                                "params": {
                                    "style": {
                                        "id": "style",
                                        "value": "icon",
                                        "type": "selector"
                                    },
                                    "icon_type": {
                                        "id": "icon_type",
                                        "value": "default",
                                        "type": "selector"
                                    },
                                    "custom_icon": {
                                        "id": "custom_icon",
                                        "value": "",
                                        "type": "image"
                                    },
                                    "position": {
                                        "id": "position",
                                        "value": "left",
                                        "type": "selector"
                                    },
                                    "search_form": {
                                        "id": "search_form",
                                        "value": true,
                                        "type": "switcher"
                                    },
                                    "categories_menu": {
                                        "id": "categories_menu",
                                        "value": true,
                                        "type": "switcher"
                                    },
                                    "menu_id": {
                                        "id": "menu_id",
                                        "value": "mobile-categories",
                                        "type": "options"
                                    },
                                    "tabs_swap": {
                                        "id": "tabs_swap",
                                        "value": false,
                                        "type": "switcher"
                                    }
                                }
                            }
                        ]
                    },
                    {
                        "id": "column_mobile3",
                        "type": "column",
                        "content": [
                            {
                                "id": "6zdemxd7x4i8uxjp3tw0",
                                "type": "logo",
                                "params": {
                                    "image": {
                                        "id": "image",
                                        "value": "",
                                        "type": "image"
                                    },
                                    "width": {
                                        "id": "width",
                                        "value": 150,
                                        "type": "slider"
                                    },
                                    "sticky_notice": {
                                        "id": "sticky_notice",
                                        "value": "",
                                        "type": "notice"
                                    },
                                    "sticky_image": {
                                        "id": "sticky_image",
                                        "value": "",
                                        "type": "image"
                                    },
                                    "sticky_width": {
                                        "id": "sticky_width",
                                        "value": 150,
                                        "type": "slider"
                                    },
                                    "width_height": {
                                        "id": "width_height",
                                        "value": true,
                                        "type": "switcher"
                                    }
                                }
                            }
                        ]
                    },
                    {
                        "id": "column_mobile4",
                        "type": "column",
                        "content": [
                            {
                                "id": "c5gq13xh2j3x1cnou6rt",
                                "type": "cart",
                                "params": {
                                    "position": {
                                        "id": "position",
                                        "value": "side",
                                        "type": "selector"
                                    },
                                    "style": {
                                        "id": "style",
                                        "value": "5",
                                        "type": "selector"
                                    },
                                    "icon_type": {
                                        "id": "icon_type",
                                        "value": "cart",
                                        "type": "selector"
                                    },
                                    "custom_icon": {
                                        "id": "custom_icon",
                                        "value": "",
                                        "type": "image"
                                    }
                                }
                            }
                        ]
                    }
                ],
                "params": {
                    "flex_layout": {
                        "id": "flex_layout",
                        "value": "flex-middle",
                        "type": "selector"
                    },
                    "height": {
                        "id": "height",
                        "value": 90,
                        "type": "slider"
                    },
                    "mobile_height": {
                        "id": "mobile_height",
                        "value": 60,
                        "type": "slider"
                    },
                    "hide_desktop": {
                        "id": "hide_desktop",
                        "value": false,
                        "type": "switcher"
                    },
                    "hide_mobile": {
                        "id": "hide_mobile",
                        "value": false,
                        "type": "switcher"
                    },
                    "sticky": {
                        "id": "sticky",
                        "value": true,
                        "type": "switcher"
                    },
                    "sticky_height": {
                        "id": "sticky_height",
                        "value": 60,
                        "type": "slider"
                    },
                    "color_scheme": {
                        "id": "color_scheme",
                        "value": "dark",
                        "type": "selector"
                    },
                    "shadow": {
                        "id": "shadow",
                        "value": false,
                        "type": "switcher"
                    },
                    "background": {
                        "id": "background",
                        "value": "",
                        "type": "bg"
                    },
                    "border": {
                        "id": "border",
                        "value": {
                            "width": "1",
                            "applyFor": "boxed",
                            "color": {
                                "r": 227,
                                "g": 227,
                                "b": 227,
                                "a": 1
                            },
                            "sides": [
                                "bottom"
                            ]
                        },
                        "type": "border"
                    }
                }
            },
            {
                "id": "header-bottom",
                "type": "row",
                "content": [
                    {
                        "id": "column11",
                        "type": "column",
                        "content": []
                    },
                    {
                        "id": "column12",
                        "type": "column",
                        "content": []
                    },
                    {
                        "id": "column13",
                        "type": "column",
                        "content": []
                    },
                    {
                        "id": "column_mobile5",
                        "type": "column",
                        "content": []
                    }
                ],
                "params": {
                    "flex_layout": {
                        "id": "flex_layout",
                        "value": "flex-middle",
                        "type": "selector"
                    },
                    "height": {
                        "id": "height",
                        "value": 50,
                        "type": "slider"
                    },
                    "mobile_height": {
                        "id": "mobile_height",
                        "value": 50,
                        "type": "slider"
                    },
                    "hide_desktop": {
                        "id": "hide_desktop",
                        "value": true,
                        "type": "switcher"
                    },
                    "hide_mobile": {
                        "id": "hide_mobile",
                        "value": true,
                        "type": "switcher"
                    },
                    "sticky": {
                        "id": "sticky",
                        "value": false,
                        "type": "switcher"
                    },
                    "sticky_height": {
                        "id": "sticky_height",
                        "value": 50,
                        "type": "slider"
                    },
                    "color_scheme": {
                        "id": "color_scheme",
                        "value": "dark",
                        "type": "selector"
                    },
                    "shadow": {
                        "id": "shadow",
                        "value": false,
                        "type": "switcher"
                    },
                    "background": {
                        "id": "background",
                        "value": "",
                        "type": "bg"
                    },
                    "border": {
                        "id": "border",
                        "value": "",
                        "type": "border"
                    }
                }
            }
        ]
    },
    "settings": {
        "overlap": {
            "id": "overlap",
            "value": false,
            "type": "switcher"
        },
        "boxed": {
            "id": "boxed",
            "value": false,
            "type": "switcher"
        },
        "full_width": {
            "id": "full_width",
            "value": false,
            "type": "switcher"
        },
        "dropdowns_dark": {
            "id": "dropdowns_dark",
            "value": false,
            "type": "switcher"
        },
        "sticky_shadow": {
            "id": "sticky_shadow",
            "value": true,
            "type": "switcher"
        },
        "hide_on_scroll": {
            "id": "hide_on_scroll",
            "value": true,
            "type": "switcher"
        },
        "sticky_effect": {
            "id": "sticky_effect",
            "value": "stick",
            "type": "selector"
        },
        "sticky_clone": {
            "id": "sticky_clone",
            "value": false,
            "type": "switcher"
        },
        "sticky_height": {
            "id": "sticky_height",
            "value": 50,
            "type": "slider"
        }
    }
}