{
    "name": "Header Decor",
    "id": "header_911826",
    "structure": {
        "id": "root",
        "type": "root",
        "content": [
            {
                "id": "top-bar",
                "type": "row",
                "content": [
                    {
                        "id": "column5",
                        "type": "column",
                        "content": []
                    },
                    {
                        "id": "column6",
                        "type": "column",
                        "content": []
                    },
                    {
                        "id": "column7",
                        "type": "column",
                        "content": []
                    },
                    {
                        "id": "column_mobile1",
                        "type": "column",
                        "content": []
                    }
                ],
                "params": {
                    "flex_layout": {
                        "id": "flex_layout",
                        "value": "flex-middle",
                        "type": "selector"
                    },
                    "height": {
                        "id": "height",
                        "value": 40,
                        "type": "slider"
                    },
                    "mobile_height": {
                        "id": "mobile_height",
                        "value": 40,
                        "type": "slider"
                    },
                    "hide_desktop": {
                        "id": "hide_desktop",
                        "value": true,
                        "type": "switcher"
                    },
                    "hide_mobile": {
                        "id": "hide_mobile",
                        "value": true,
                        "type": "switcher"
                    },
                    "sticky": {
                        "id": "sticky",
                        "value": false,
                        "type": "switcher"
                    },
                    "sticky_height": {
                        "id": "sticky_height",
                        "value": 40,
                        "type": "slider"
                    },
                    "color_scheme": {
                        "id": "color_scheme",
                        "value": "dark",
                        "type": "selector"
                    },
                    "shadow": {
                        "id": "shadow",
                        "value": false,
                        "type": "switcher"
                    },
                    "background": {
                        "id": "background",
                        "value": "",
                        "type": "bg"
                    },
                    "border": {
                        "id": "border",
                        "value": "",
                        "type": "border"
                    }
                }
            },
            {
                "id": "general-header",
                "type": "row",
                "content": [
                    {
                        "id": "column8",
                        "type": "column",
                        "content": [
                            {
                                "id": "zho4q0oy989b0dgm1wmz",
                                "type": "logo",
                                "params": {
                                    "image": {
                                        "id": "image",
                                        "value": "",
                                        "type": "image"
                                    },
                                    "width": {
                                        "id": "width",
                                        "value": 200,
                                        "type": "slider"
                                    },
                                    "sticky_notice": {
                                        "id": "sticky_notice",
                                        "value": "",
                                        "type": "notice"
                                    },
                                    "sticky_image": {
                                        "id": "sticky_image",
                                        "value": "",
                                        "type": "image"
                                    },
                                    "sticky_width": {
                                        "id": "sticky_width",
                                        "value": 150,
                                        "type": "slider"
                                    },
                                    "width_height": {
                                        "id": "width_height",
                                        "value": true,
                                        "type": "switcher"
                                    }
                                }
                            }
                        ]
                    },
                    {
                        "id": "column9",
                        "type": "column",
                        "content": [
                            {
                                "id": "ht5f81j4xwk8nu25rw7g",
                                "type": "mainmenu",
                                "params": {
                                    "menu_style": {
                                        "id": "menu_style",
                                        "value": "underline",
                                        "type": "selector"
                                    },
                                    "menu_align": {
                                        "id": "menu_align",
                                        "value": "center",
                                        "type": "selector"
                                    },
                                    "full_screen": {
                                        "id": "full_screen",
                                        "value": false,
                                        "type": "switcher"
                                    },
                                    "icon_type": {
                                        "id": "icon_type",
                                        "value": "default",
                                        "type": "selector"
                                    },
                                    "custom_icon": {
                                        "id": "custom_icon",
                                        "value": "",
                                        "type": "image"
                                    }
                                }
                            }
                        ]
                    },
                    {
                        "id": "column10",
                        "type": "column",
                        "content": [
                            {
                                "id": "g8wwwjd00t47vm5sdbla",
                                "type": "account",
                                "params": {
                                    "display": {
                                        "id": "display",
                                        "value": "text",
                                        "type": "selector"
                                    },
                                    "icon_type": {
                                        "id": "icon_type",
                                        "value": "default",
                                        "type": "selector"
                                    },
                                    "custom_icon": {
                                        "id": "custom_icon",
                                        "value": "",
                                        "type": "image"
                                    },
                                    "with_username": {
                                        "id": "with_username",
                                        "value": false,
                                        "type": "switcher"
                                    },
                                    "login_dropdown": {
                                        "id": "login_dropdown",
                                        "value": true,
                                        "type": "switcher"
                                    },
                                    "form_display": {
                                        "id": "form_display",
                                        "value": "side",
                                        "type": "selector"
                                    }
                                }
                            },
                            {
                                "id": "byuwf52twgalsziyn4o8",
                                "type": "search",
                                "params": {
                                    "display": {
                                        "id": "display",
                                        "value": "full-screen",
                                        "type": "selector"
                                    },
                                    "search_style": {
                                        "id": "search_style",
                                        "value": "default",
                                        "type": "selector"
                                    },
                                    "categories_dropdown": {
                                        "id": "categories_dropdown",
                                        "value": false,
                                        "type": "switcher"
                                    },
                                    "ajax": {
                                        "id": "ajax",
                                        "value": true,
                                        "type": "switcher"
                                    },
                                    "ajax_result_count": {
                                        "id": "ajax_result_count",
                                        "value": 20,
                                        "type": "slider"
                                    },
                                    "post_type": {
                                        "id": "post_type",
                                        "value": "product",
                                        "type": "selector"
                                    },
                                    "icon_type": {
                                        "id": "icon_type",
                                        "value": "default",
                                        "type": "selector"
                                    },
                                    "custom_icon": {
                                        "id": "custom_icon",
                                        "value": "",
                                        "type": "image"
                                    }
                                }
                            },
                            {
                                "id": "nw21oy429cnh9rmrxd2s",
                                "type": "wishlist",
                                "params": {
                                    "design": {
                                        "id": "design",
                                        "value": "icon",
                                        "type": "selector"
                                    },
                                    "hide_product_count": {
                                        "id": "hide_product_count",
                                        "value": true,
                                        "type": "switcher"
                                    },
                                    "icon_type": {
                                        "id": "icon_type",
                                        "value": "default",
                                        "type": "selector"
                                    },
                                    "custom_icon": {
                                        "id": "custom_icon",
                                        "value": "",
                                        "type": "image"
                                    }
                                }
                            },
                            {
                                "id": "wuxqjzzoophihrrirots",
                                "type": "cart",
                                "params": {
                                    "position": {
                                        "id": "position",
                                        "value": "side",
                                        "type": "selector"
                                    },
                                    "style": {
                                        "id": "style",
                                        "value": "4",
                                        "type": "selector"
                                    },
                                    "icon_type": {
                                        "id": "icon_type",
                                        "value": "cart",
                                        "type": "selector"
                                    },
                                    "custom_icon": {
                                        "id": "custom_icon",
                                        "value": "",
                                        "type": "image"
                                    }
                                }
                            }
                        ]
                    },
                    {
                        "id": "column_mobile2",
                        "type": "column",
                        "content": [
                            {
                                "id": "bzsfvy4irdgki8uavwcl",
                                "type": "burger",
                                "params": {
                                    "style": {
                                        "id": "style",
                                        "value": "icon",
                                        "type": "selector"
                                    },
                                    "icon_type": {
                                        "id": "icon_type",
                                        "value": "default",
                                        "type": "selector"
                                    },
                                    "custom_icon": {
                                        "id": "custom_icon",
                                        "value": "",
                                        "type": "image"
                                    },
                                    "position": {
                                        "id": "position",
                                        "value": "left",
                                        "type": "selector"
                                    },
                                    "search_form": {
                                        "id": "search_form",
                                        "value": true,
                                        "type": "switcher"
                                    },
                                    "categories_menu": {
                                        "id": "categories_menu",
                                        "value": true,
                                        "type": "switcher"
                                    },
                                    "menu_id": {
                                        "id": "menu_id",
                                        "value": "categories",
                                        "type": "options"
                                    },
                                    "tabs_swap": {
                                        "id": "tabs_swap",
                                        "value": false,
                                        "type": "switcher"
                                    }
                                }
                            }
                        ]
                    },
                    {
                        "id": "column_mobile3",
                        "type": "column",
                        "content": [
                            {
                                "id": "2g4nsfb44ztr6i1xc61g",
                                "type": "logo",
                                "params": {
                                    "image": {
                                        "id": "image",
                                        "value": "",
                                        "type": "image"
                                    },
                                    "width": {
                                        "id": "width",
                                        "value": 150,
                                        "type": "slider"
                                    },
                                    "sticky_notice": {
                                        "id": "sticky_notice",
                                        "value": "",
                                        "type": "notice"
                                    },
                                    "sticky_image": {
                                        "id": "sticky_image",
                                        "value": "",
                                        "type": "image"
                                    },
                                    "sticky_width": {
                                        "id": "sticky_width",
                                        "value": 150,
                                        "type": "slider"
                                    },
                                    "width_height": {
                                        "id": "width_height",
                                        "value": true,
                                        "type": "switcher"
                                    }
                                }
                            }
                        ]
                    },
                    {
                        "id": "column_mobile4",
                        "type": "column",
                        "content": [
                            {
                                "id": "vbchjj91jzgzh98m5vzl",
                                "type": "cart",
                                "params": {
                                    "position": {
                                        "id": "position",
                                        "value": "side",
                                        "type": "selector"
                                    },
                                    "style": {
                                        "id": "style",
                                        "value": "4",
                                        "type": "selector"
                                    },
                                    "icon_type": {
                                        "id": "icon_type",
                                        "value": "cart",
                                        "type": "selector"
                                    },
                                    "custom_icon": {
                                        "id": "custom_icon",
                                        "value": "",
                                        "type": "image"
                                    }
                                }
                            }
                        ]
                    }
                ],
                "params": {
                    "flex_layout": {
                        "id": "flex_layout",
                        "value": "flex-middle",
                        "type": "selector"
                    },
                    "height": {
                        "id": "height",
                        "value": 90,
                        "type": "slider"
                    },
                    "mobile_height": {
                        "id": "mobile_height",
                        "value": 60,
                        "type": "slider"
                    },
                    "hide_desktop": {
                        "id": "hide_desktop",
                        "value": false,
                        "type": "switcher"
                    },
                    "hide_mobile": {
                        "id": "hide_mobile",
                        "value": false,
                        "type": "switcher"
                    },
                    "sticky": {
                        "id": "sticky",
                        "value": true,
                        "type": "switcher"
                    },
                    "sticky_height": {
                        "id": "sticky_height",
                        "value": 60,
                        "type": "slider"
                    },
                    "color_scheme": {
                        "id": "color_scheme",
                        "value": "dark",
                        "type": "selector"
                    },
                    "shadow": {
                        "id": "shadow",
                        "value": false,
                        "type": "switcher"
                    },
                    "background": {
                        "id": "background",
                        "value": "",
                        "type": "bg"
                    },
                    "border": {
                        "id": "border",
                        "value": {
                            "width": "1",
                            "color": {
                                "r": 129,
                                "g": 129,
                                "b": 129,
                                "a": 0.2
                            },
                            "applyFor": "boxed",
                            "sides": [
                                "bottom"
                            ]
                        },
                        "type": "border"
                    }
                }
            },
            {
                "id": "header-bottom",
                "type": "row",
                "content": [
                    {
                        "id": "column11",
                        "type": "column",
                        "content": []
                    },
                    {
                        "id": "column12",
                        "type": "column",
                        "content": []
                    },
                    {
                        "id": "column13",
                        "type": "column",
                        "content": []
                    },
                    {
                        "id": "column_mobile5",
                        "type": "column",
                        "content": []
                    }
                ],
                "params": {
                    "flex_layout": {
                        "id": "flex_layout",
                        "value": "flex-middle",
                        "type": "selector"
                    },
                    "height": {
                        "id": "height",
                        "value": 50,
                        "type": "slider"
                    },
                    "mobile_height": {
                        "id": "mobile_height",
                        "value": 50,
                        "type": "slider"
                    },
                    "hide_desktop": {
                        "id": "hide_desktop",
                        "value": true,
                        "type": "switcher"
                    },
                    "hide_mobile": {
                        "id": "hide_mobile",
                        "value": true,
                        "type": "switcher"
                    },
                    "sticky": {
                        "id": "sticky",
                        "value": false,
                        "type": "switcher"
                    },
                    "sticky_height": {
                        "id": "sticky_height",
                        "value": 50,
                        "type": "slider"
                    },
                    "color_scheme": {
                        "id": "color_scheme",
                        "value": "dark",
                        "type": "selector"
                    },
                    "shadow": {
                        "id": "shadow",
                        "value": false,
                        "type": "switcher"
                    },
                    "background": {
                        "id": "background",
                        "value": "",
                        "type": "bg"
                    },
                    "border": {
                        "id": "border",
                        "value": "",
                        "type": "border"
                    }
                }
            }
        ]
    },
    "settings": {
        "overlap": {
            "id": "overlap",
            "value": false,
            "type": "switcher"
        },
        "boxed": {
            "id": "boxed",
            "value": false,
            "type": "switcher"
        },
        "full_width": {
            "id": "full_width",
            "value": false,
            "type": "switcher"
        },
        "dropdowns_dark": {
            "id": "dropdowns_dark",
            "value": false,
            "type": "switcher"
        },
        "sticky_shadow": {
            "id": "sticky_shadow",
            "value": true,
            "type": "switcher"
        },
        "hide_on_scroll": {
            "id": "hide_on_scroll",
            "value": true,
            "type": "switcher"
        },
        "sticky_effect": {
            "id": "sticky_effect",
            "value": "stick",
            "type": "selector"
        },
        "sticky_clone": {
            "id": "sticky_clone",
            "value": false,
            "type": "switcher"
        },
        "sticky_height": {
            "id": "sticky_height",
            "value": 50,
            "type": "slider"
        }
    }
}