{
    "products": {
        "henectus-tincidunt": "5779",
        "ornare-auctor": "5778",
        "eames-plastic-side-chair": "5777",
        "augue-adipiscing-euismod": "5776",
        "iphone-dock": "5780",
        "wine-bottle-lantern": "5775",
        "decoration-wooden-present": "5769",
        "panton-tunior-chair": "5774",
        "smart-watches-wood-edition": "5773",
        "wooden-single-drawer": "5772",
        "classic-wooden-chair": "5771",
        "eames-lounge-chair": "5770"
    },
    "blog": {
        "exploring-atlantas-modern-homes": "5761",
        "green-interior-design-inspiration": "5762",
        "collar-brings-back-coffee-brewing-ritual": "5763",
        "reinterprets-the-classic-bookshelf": "5760",
        "creative-water-features-and-exterior": "5764",
        "minimalist-japanese-inspired-furniture": "5768",
        "new-home-decor-from-john-doerson": "5765",
        "the-big-design-wall-likes-pictures": "5766",
        "sweet-seat-functional-seat-for-it-folks": "5767"
    }
}