{
    "products": {
        "henectus-tincidunt": "4801",
        "ornare-auctor": "4802",
        "eames-plastic-side-chair": "4803",
        "augue-adipiscing-euismod": "4804",
        "iphone-dock": "4800",
        "wine-bottle-lantern": "4805",
        "decoration-wooden-present": "4811",
        "panton-tunior-chair": "4806",
        "smart-watches-wood-edition": "4807",
        "wooden-single-drawer": "4808",
        "classic-wooden-chair": "4809",
        "eames-lounge-chair": "4810"
    },
    "blog": {
        "exploring-atlantas-modern-homes": "4812",
        "green-interior-design-inspiration": "4813",
        "collar-brings-back-coffee-brewing-ritual": "4814",
        "reinterprets-the-classic-bookshelf": "4815",
        "creative-water-features-and-exterior": "4816",
        "minimalist-japanese-inspired-furniture": "4820",
        "new-home-decor-from-john-doerson": "4817",
        "the-big-design-wall-likes-pictures": "4818",
        "sweet-seat-functional-seat-for-it-folks": "4819"
    }
}