{
    "default_header": "header_554461",
    "primary-color": {
        "idle": "rgb(172,199,191)"
    },
    "btns_shop_style": "flat",
    "btns_shop_bg": {
        "idle": "rgb(172,199,191)"
    },
    "btns_shop_bg_hover": {
        "idle": "rgb(158,191,181)"
    },
    "btns_accent_bg_hover": {
        "idle": "rgb(158,191,181)"
    },
    "btns_accent_bg": {
        "idle": "rgb(172,199,191)"
    },
    "blog_excerpt": "excerpt",
    "form_fields_style": "underlined",
    "form_border_width": "1",
    "products_columns": "5",
    "products_columns_variations": [
        "3",
        "4",
        "5",
        "6"
    ],
    "shop_per_page": "15",
    "multi_custom_fonts": {
        "0": {
            "font-name": "Glaciall",
            "font-weight": "400",
            "font-woff": {
                "url": "http:\/\/dummy.xtemos.com\/woodmart2\/wp-content\/uploads\/2021\/07\/GlacialIndifference-Regular.woff",
                "id": "1262"
            },
            "font-woff2": {
                "url": "http:\/\/dummy.xtemos.com\/woodmart2\/wp-content\/uploads\/2021\/07\/GlacialIndifference-Regular.woff2",
                "id": "1261"
            }
        },
        "1": {
            "font-name": "Glaciall",
            "font-weight": "600",
            "font-woff": {
                "url": "http:\/\/dummy.xtemos.com\/woodmart2\/wp-content\/uploads\/2021\/07\/GlacialIndifference-Bold.woff",
                "id": "1259"
            },
            "font-woff2": {
                "url": "http:\/\/dummy.xtemos.com\/woodmart2\/wp-content\/uploads\/2021\/07\/GlacialIndifference-Bold.woff2",
                "id": "1260"
            }
        },
        "{{index}}": {
            "font-name": "",
            "font-weight": "400",
            "font-woff": {
                "url": "",
                "id": ""
            },
            "font-woff2": {
                "url": "",
                "id": ""
            }
        }
    },
    "primary-font": [
        {
            "custom": "",
            "google": "0",
            "font-family": "Glaciall",
            "font-weight": "400",
            "font-style": "",
            "font-subset": "",
            "text-transform": "",
            "color": "#242424"
        }
    ],
    "post-titles-font": [
        {
            "custom": "",
            "google": "0",
            "font-family": "Glaciall",
            "font-weight": "400",
            "font-style": "",
            "font-subset": "",
            "text-transform": "",
            "color": "#333333",
            "hover": {
                "color": "rgb(51 51 51 \/ 65%)"
            }
        }
    ],
    "secondary-font": [
        {
            "custom": "",
            "google": "0",
            "font-family": "Glaciall",
            "font-weight": "400",
            "font-style": "",
            "font-subset": ""
        }
    ],
    "widget-titles-font": [
        {
            "custom": "",
            "google": "0",
            "font-family": "Glaciall",
            "font-weight": "400",
            "font-style": "",
            "font-subset": "",
            "text-transform": "uppercase",
            "font-size": "16",
            "tablet": {
                "font-size": ""
            },
            "mobile": {
                "font-size": ""
            },
            "color": "#333"
        }
    ],
    "header_banner": "1",
    "header_banner_shortcode": "<p style=\"text-align: center;\"><span style=\"color: #ffffff;\"><strong>Summer\u00a025%\u00a0discount\u00a0on\u00a0all\u00a0last\u00a0year's\u00a0products\u00a0home\u00a0decor<\/strong><\/span><\/p>",
    "header_banner_color": "light",
    "header_banner_link": "#",
    "header_banner_bg": {
        "color": "rgb(158,191,181)",
        "url": "",
        "id": "",
        "repeat": "",
        "size": "",
        "attachment": "",
        "position": ""
    },
    "single_product_header": "header_911826",
    "products_hover": "quick",
    "page-title-size": "large",
    "header_banner_height": "40",
    "header_banner_mobile_height": "50",
    "products_spacing": "30",
    "shop_filters": "1",
    "footer_content_type": "html_block",
    "footer_html_block": "1108",
    "prefooter_content_type": "text",
    "prefooter_area": "",
    "title-background": {
        "color": "#0a0a0a",
        "url": "http:\/\/dummy.xtemos.com\/woodmart2\/wp-content\/uploads\/2021\/09\/decor-shop-page-background-opt.jpg",
        "id": "5805",
        "repeat": "",
        "size": "cover",
        "attachment": "",
        "position": "center center"
    },
    "promo_popup": "1",
    "promo_popup_content_type": "html_block",
    "popup_html_block": "212",
    "popup-background": {
        "color": "#111111",
        "url": "http:\/\/dummy.xtemos.com\/woodmart2\/wp-content\/uploads\/2021\/07\/promo-popup.jpg",
        "id": "936",
        "repeat": "no-repeat",
        "size": "cover",
        "attachment": "",
        "position": "center center"
    },
    "header_close_btn": "1",
    "shop_layout": "full-width",
    "additional_tab_content_type": "html_block",
    "additional_tab_html_block": "242",
    "portfolio_page": "150"
}